parent_seed,optimization_seed,phase,candidate_spec,epochs,best_epoch,best_validation_mse,final_validation_mse,final_train_loss,final_over_best_validation_ratio,elapsed_seconds
42,42,final,data_only,26,6,0.0345501131577925,0.0506774481860074,0.0089479667964007,1.4667809611667655,6.890683959
42,10042,cf_01,data_only,52,32,0.0224118464815933,0.0290534870814433,0.0061821750743772,1.2963450871977342,5.82058571799999
42,10143,cf_01,linear_increasing__scale_0.60,10,2,0.0439925246534094,0.0459088387742506,0.166800809647893,1.0435599942476292,1.3367024670000092
42,10144,cf_01,linear_increasing__scale_1.00,10,2,0.0303214556348007,0.036266200310361,0.1027330320516175,1.196057364368001,1.1777474490000088
42,10145,cf_01,linear_increasing__scale_1.60,9,1,0.02522661886384,0.0299073974643133,0.0593405273242858,1.1855491861885128,1.3356444270000054
42,10146,cf_01,progressively_increasing__scale_0.60,10,2,0.0293765732672362,0.0350239962603138,0.4227943480880597,1.19224240151169,1.6742630610000049
42,10147,cf_01,progressively_increasing__scale_1.00,10,2,0.0234850085942091,0.0340400459492101,0.2194712362841915,1.4494372362121954,1.211394409999997
42,10148,cf_01,progressively_increasing__scale_1.60,9,1,0.0208170403421452,0.0335908062690127,0.1277406334308835,1.613620654853915,1.0625285099999928
42,10149,cf_01,step_like__scale_0.60,10,2,0.0264527734402006,0.0327687284587758,2.3403321427212376,1.2387634337417628,1.1960914629999877
42,10150,cf_01,step_like__scale_1.00,9,1,0.0214802332684002,0.0320420455088657,1.1189038030028722,1.4916991407166464,1.233789379000001
42,10151,cf_01,step_like__scale_1.60,9,1,0.0204027010276254,0.0343463721528517,0.5184153015647105,1.6834228030076246,1.0769148609999777
42,10152,cf_01,gamma__scale_0.60,10,2,0.0296162641153926,0.034996505332204,1.9539463438881672,1.1816650876642845,1.177854085000007
42,10153,cf_01,gamma__scale_1.00,9,1,0.023982211551835,0.0322579662356756,0.9162335361181148,1.345078879233195,1.3797305009999832
42,10154,cf_01,gamma__scale_1.60,9,1,0.0205947303139002,0.0334316513179677,0.398866978251171,1.6233109542300417,1.40823184300001
42,20042,cf_02,data_only,37,17,0.0389589281643138,0.0489322826824086,0.006082470516882,1.255996635123816,5.395239214000014
42,20143,cf_02,linear_increasing__scale_0.60,9,1,0.0548074079707344,0.061415058406279,0.1351252346723205,1.1205612649858008,2.139495237999995
42,20144,cf_02,linear_increasing__scale_1.00,23,15,0.0371670015355482,0.0382126486875156,0.0728831967335746,1.0281337506058243,4.686426888
42,20145,cf_02,linear_increasing__scale_1.60,20,12,0.0324624732216411,0.0339323199369053,0.0458793012697137,1.0452783343163246,3.726976589000003
42,20146,cf_02,progressively_increasing__scale_0.60,35,27,0.0373952070022011,0.0379841455163802,0.2830128126324475,1.015749037413924,7.757415903999998
42,20147,cf_02,progressively_increasing__scale_1.00,19,11,0.0262843612681098,0.0291528548786346,0.1534118735607478,1.1091330917751872,3.478114277000003
42,20148,cf_02,progressively_increasing__scale_1.60,9,1,0.0352712410656526,0.041473790286059,0.1157730749593005,1.1758528771035075,1.6207421289999786
42,20149,cf_02,step_like__scale_0.60,25,17,0.0303117731675744,0.0306509248713121,1.2592005562470894,1.0111887780982902,6.375699718999982
42,20150,cf_02,step_like__scale_1.00,17,9,0.0298761683989336,0.0333421281314788,0.587085648668821,1.1160108514005067,3.066448288999993
42,20151,cf_02,step_like__scale_1.60,9,1,0.0382699348072317,0.0508449734213517,0.2957116287584537,1.3285879288130837,1.6230086859999917
42,20152,cf_02,gamma__scale_0.60,37,29,0.0370908114999373,0.0375479842252272,1.0906773455639849,1.0123257676713455,8.12158931099998
42,20153,cf_02,gamma__scale_1.00,18,10,0.0274338326989648,0.0300837328089749,0.488616042926459,1.0965924134293525,3.266461133000007
42,20154,cf_02,gamma__scale_1.60,9,1,0.0345618386957097,0.0394919415846228,0.2290006839098543,1.1426458508853896,1.6397526019999873
42,30042,cf_03,data_only,34,14,0.0288554844648941,0.0293605258499366,0.0068201369327711,1.0175024399835302,6.6676163359999805
42,30143,cf_03,linear_increasing__scale_0.60,9,1,0.0341881910959879,0.0398487008136251,0.120237084031105,1.1655691493517328,1.8338270180000225
42,30144,cf_03,linear_increasing__scale_1.00,15,7,0.0314068034075308,0.0317610795947088,0.0649334464415355,1.0112802370423044,3.0775506800000016
42,30145,cf_03,linear_increasing__scale_1.60,40,38,0.0199295887048693,0.0204010977261308,0.032543411091154,1.0236587432005708,9.512111733999973
42,30146,cf_03,progressively_increasing__scale_0.60,10,2,0.0308204802913942,0.0319694090580594,0.2671687431688662,1.0372780941699344,2.065219361000004
42,30147,cf_03,progressively_increasing__scale_1.00,26,18,0.0270345176475635,0.0274403976357501,0.1300554463156947,1.0150133985550573,5.9366811620000135
42,30148,cf_03,progressively_increasing__scale_1.60,9,1,0.0363691924274831,0.0397961588873379,0.1140622208957319,1.0942271805096544,2.3419841450000263
42,30149,cf_03,step_like__scale_0.60,9,1,0.0293665035911228,0.0299140819604846,1.003612678727986,1.0186463590281591,1.81270607800002
42,30150,cf_03,step_like__scale_1.00,23,15,0.0280180582101794,0.0284133061118747,0.424188756942749,1.0141068984413666,4.697079939000048
42,30151,cf_03,step_like__scale_1.60,9,1,0.041771978571795,0.050876043844914,0.2116644939669856,1.21794670935856,2.2609443030000307
42,30152,cf_03,gamma__scale_0.60,10,2,0.0310924986134404,0.0323585703753042,0.9412291019934196,1.0407195245902983,2.679401654000003
42,30153,cf_03,gamma__scale_1.00,29,21,0.0265303418256234,0.0271462012028348,0.3652216202830091,1.0232133977488596,6.161375743999997
42,30154,cf_03,gamma__scale_1.60,9,1,0.0360818600309067,0.0393653468809266,0.1539793219684082,1.0910010417203369,1.8399258649999977
42,40042,cf_04,data_only,32,12,0.0434377833251964,0.0672366705213515,0.0078749924118961,1.5478844769307183,5.541779184999996
42,40143,cf_04,linear_increasing__scale_0.60,11,3,0.0651439090944686,0.069938598657554,0.1156785667074174,1.0736015021163738,2.177866381000001
42,40144,cf_04,linear_increasing__scale_1.00,10,2,0.0486197670535096,0.0562846957231467,0.0655817750339739,1.1576504605873839,2.0277188150000143
42,40145,cf_04,linear_increasing__scale_1.60,10,2,0.0339435077852235,0.0405768779510597,0.0481798280745942,1.1954238261940588,2.710493599000017
42,40146,cf_04,progressively_increasing__scale_0.60,10,2,0.048170712337179,0.0539170297671039,0.2550306517556803,1.119290688285915,2.214026219999994
42,40147,cf_04,progressively_increasing__scale_1.00,9,1,0.0326121264919287,0.0387260839474861,0.1426492582093801,1.187474970608573,1.999746947000005
42,40148,cf_04,progressively_increasing__scale_1.60,10,2,0.0258773587784677,0.0274800076940149,0.1223440443969457,1.0619324765431915,1.9989551120000328
42,40149,cf_04,step_like__scale_0.60,11,3,0.0421377585603381,0.0507699211461926,1.1091710836945254,1.2048557607423256,2.1946788879999986
42,40150,cf_04,step_like__scale_1.00,9,1,0.0279336840195475,0.0335376514297611,0.4483245325667442,1.2006168397370016,2.24910633799999
42,40151,cf_04,step_like__scale_1.60,10,2,0.0276395997629975,0.0294477297168857,0.2146198658095816,1.0654180946682459,2.3671859259999906
42,40152,cf_04,gamma__scale_0.60,11,3,0.0491428834579463,0.0585642130166854,0.9636024149837872,1.1917129988272126,2.2898041560000024
42,40153,cf_04,gamma__scale_1.00,9,1,0.0321750779337478,0.0393060012896246,0.3571921473833636,1.2216287827044334,1.7409956159999638
42,40154,cf_04,gamma__scale_1.60,9,1,0.0257271320190069,0.0265126793803471,0.1546270320352339,1.0305338100165944,1.7315119269999857
42,50043,final,linear_increasing__scale_0.60,10,2,0.05469422045621,0.0635386888330633,0.140469495150128,1.1617075497754734,2.7538970269999936
42,50044,final,linear_increasing__scale_1.00,9,1,0.0417580680847168,0.0548926821621981,0.0866551419011259,1.314540750564284,2.416788570999984
42,50045,final,linear_increasing__scale_1.60,9,1,0.037405719496987,0.0491893336556174,0.0552638567630456,1.3150217217337463,3.371559186000013
42,50046,final,progressively_increasing__scale_0.60,9,1,0.0422775408137928,0.0573283053311434,0.3137087498762295,1.3559990535788302,2.6224556460000485
42,50047,final,progressively_increasing__scale_1.00,9,1,0.0375396229570562,0.0533960182450034,0.1695911805546293,1.4223909043009375,2.462848199000007
42,50048,final,progressively_increasing__scale_1.60,9,1,0.041389902266589,0.0532490230907093,0.1191454675537103,1.2865220784464932,2.458772553000017
42,50049,final,step_like__scale_0.60,9,1,0.0395259884920987,0.0552188946117054,1.3256358581498469,1.3970275436057402,3.348210406000021
42,50050,final,step_like__scale_1.00,9,1,0.0379775646383112,0.052030560796911,0.6028353154707223,1.3700341581256463,2.631481074000021
42,50051,final,step_like__scale_1.60,9,1,0.0479667158126831,0.0557301101467826,0.2846058758151022,1.1618496118103367,2.408580293
42,50052,final,gamma__scale_0.60,9,1,0.043383072939786,0.057489592552185,1.152979725709579,1.3251618351696361,2.467545044000019
42,50053,final,gamma__scale_1.00,9,1,0.0373739358728582,0.052383138439872,0.50318537550594,1.401595449247662,3.2657738980000204
42,50054,final,gamma__scale_1.60,9,1,0.0410222745808688,0.0529817301143299,0.2126592492155748,1.2915356511956682,2.447360174000039
1042,1042,final,data_only,26,6,0.0352578481327403,0.0427077393965287,0.0088700346292048,1.21129738932849,5.948379304000014
1042,11042,cf_01,data_only,29,9,0.0359832227757546,0.0505500346158458,0.0122997672159666,1.4048223231940824,3.427911244000029
1042,11143,cf_01,linear_increasing__scale_0.60,9,1,0.0383824943441205,0.0514581984123297,0.2220278188714751,1.3406684294923152,1.700950722000016
1042,11144,cf_01,linear_increasing__scale_1.00,9,1,0.0378977260758391,0.0431134595280199,0.1634835496957443,1.1376265542091715,1.068344710999952
1042,11145,cf_01,linear_increasing__scale_1.60,16,8,0.036435118818705,0.0369467735290527,0.1101727286320732,1.0140428994589974,1.91690980300001
1042,11146,cf_01,progressively_increasing__scale_0.60,9,1,0.0377632368982365,0.0427996141720662,0.498134635574862,1.1333672028010104,1.0992837150000128
1042,11147,cf_01,progressively_increasing__scale_1.00,17,9,0.0349283904100941,0.0376889536866044,0.2720587832571645,1.0790349410350302,2.2269213490000084
1042,11148,cf_01,progressively_increasing__scale_1.60,11,3,0.0347942862890462,0.0363778962498217,0.1895713102151954,1.0455135060860279,1.6084979909999788
1042,11149,cf_01,step_like__scale_0.60,9,1,0.0376011080446496,0.0400976290745017,2.4151549906390826,1.066394879291525,1.4426076880000096
1042,11150,cf_01,step_like__scale_1.00,13,5,0.0341650384717283,0.0349125355745838,1.1806631390203195,1.0218790066188292,1.5719269439999837
1042,11151,cf_01,step_like__scale_1.60,9,1,0.03606444122517,0.0400540501670499,0.5768734415282025,1.1106244490790969,1.0458946839999612
1042,11152,cf_01,gamma__scale_0.60,9,1,0.0379995286992165,0.0432572554698032,2.0294377186922827,1.1383629468724201,1.0563582419999875
1042,11153,cf_01,gamma__scale_1.00,14,6,0.0350572978500771,0.0360834767333174,0.9775967714032204,1.0292714768727689,1.624301064000008
1042,11154,cf_01,gamma__scale_1.60,12,4,0.0354305980479822,0.0370756356062087,0.4559050403126142,1.0464298557986147,1.4685392079999815
1042,21042,cf_02,data_only,37,17,0.0343598554478609,0.0415157430312212,0.0065011675615013,1.208263029343035,5.409497129000044
1042,21143,cf_02,linear_increasing__scale_0.60,9,1,0.0537083155331127,0.05770311126097,0.1352776365057438,1.0743794641147215,1.6383553420000112
1042,21144,cf_02,linear_increasing__scale_1.00,23,15,0.0316402950388862,0.0317621326701526,0.0734498192815872,1.0038507109720898,5.168826108000019
1042,21145,cf_02,linear_increasing__scale_1.60,17,9,0.0263705514969035,0.0269596359946511,0.0479077366876168,1.0223387249908964,3.323668019999957
1042,21146,cf_02,progressively_increasing__scale_0.60,21,13,0.0330334318512901,0.033339231409491,0.2836707343285494,1.0092572748595285,3.847287790999985
1042,21147,cf_02,progressively_increasing__scale_1.00,18,10,0.0227606898960582,0.0254226432127111,0.153314636824552,1.1169539820106205,3.871029486999987
1042,21148,cf_02,progressively_increasing__scale_1.60,10,2,0.0286588095088693,0.0327307279097205,0.1135427937173897,1.1420826081275646,2.4385942060000048
1042,21149,cf_02,step_like__scale_0.60,22,14,0.0261227906069016,0.0272990484288669,1.260834833358513,1.0450280308741033,4.029791540000019
1042,21150,cf_02,step_like__scale_1.00,15,7,0.025280259509775,0.029073896892568,0.5878922524335776,1.15006322942714,2.7579212990000315
1042,21151,cf_02,step_like__scale_1.60,9,1,0.0298208878002064,0.0369692457550987,0.2953718008641693,1.2397097632634138,2.0152121220000936
1042,21152,cf_02,gamma__scale_0.60,25,17,0.0319710259131569,0.0337709602825144,1.0891241918295234,1.0562989243525271,5.317010712999945
1042,21153,cf_02,gamma__scale_1.00,17,9,0.0228900644868452,0.0246181723905757,0.4892162480082179,1.0754959823168535,3.091047131000096
1042,21154,cf_02,gamma__scale_1.60,10,2,0.0287627504471151,0.030940165494215,0.226896495083934,1.075702601915746,1.811440176999895
1042,31042,cf_03,data_only,34,14,0.0263645113378331,0.0346591438072315,0.0059877580224915,1.3146135486112953,6.0084930159999885
1042,31143,cf_03,linear_increasing__scale_0.60,9,1,0.032492679098378,0.039445590281832,0.1137290115709658,1.2139839304233022,1.8243573970000853
1042,31144,cf_03,linear_increasing__scale_1.00,9,1,0.0297698801842288,0.0311474869216697,0.0630287008153067,1.0462751858225723,1.8693236409999368
1042,31145,cf_03,linear_increasing__scale_1.60,9,1,0.0283446553824604,0.0289704765098682,0.0441178820420194,1.022078981697377,2.369707516999938
1042,31146,cf_03,progressively_increasing__scale_0.60,9,1,0.0288166481515635,0.0324656479600547,0.2619785756976516,1.1266281834479497,2.4237098190000097
1042,31147,cf_03,progressively_increasing__scale_1.00,9,1,0.0278795594754426,0.0291079369144163,0.1391359372197846,1.0440601452134028,1.851974460000065
1042,31148,cf_03,progressively_increasing__scale_1.60,9,1,0.0329625848410786,0.0381078063577845,0.1141955951260931,1.1560927803906271,2.0532529409999825
1042,31149,cf_03,step_like__scale_0.60,9,1,0.0280566008194633,0.0310709752898285,0.9972866218472703,1.107439047579637,1.843419745999995
1042,31150,cf_03,step_like__scale_1.00,9,1,0.0292505319567694,0.0314720920894456,0.4332014425006913,1.075949392508811,2.009508167999911
1042,31151,cf_03,step_like__scale_1.60,9,1,0.0376732798590176,0.0478559024092079,0.2126303513918394,1.2702876571484114,2.4726879529999906
1042,31152,cf_03,gamma__scale_0.60,9,1,0.029088524804599,0.0329112315523451,0.9370195578351432,1.1314163153141996,1.840100201000041
1042,31153,cf_03,gamma__scale_1.00,9,1,0.0281041635983232,0.0288595323977263,0.37600711060159,1.0268774694810048,1.859335140999974
1042,31154,cf_03,gamma__scale_1.60,9,1,0.03263947583627,0.0376760717751323,0.1538825458067435,1.1543099516710216,1.847678995000024
1042,41042,cf_04,data_only,24,4,0.0396772015769526,0.0547768941043682,0.0116372138969024,1.3805634451847684,4.9459535459999415
1042,41143,cf_04,linear_increasing__scale_0.60,9,1,0.0481134162477727,0.0547593401850394,0.1629393177053523,1.1381303689399598,1.7855440439999484
1042,41144,cf_04,linear_increasing__scale_1.00,13,5,0.0387253487166368,0.0438752328309248,0.086235058886589,1.1329848351262377,2.514133030999915
1042,41145,cf_04,linear_increasing__scale_1.60,15,7,0.0270630114202229,0.0313096345876747,0.0590034283483791,1.1569161355147086,3.184238907999997
1042,41146,cf_04,progressively_increasing__scale_0.60,13,5,0.0351411530853442,0.0408065049153453,0.2847642815007805,1.1612170157377069,3.3468539290000763
1042,41147,cf_04,progressively_increasing__scale_1.00,16,8,0.0253742127767149,0.0341212020940938,0.1525710746810399,1.3447196330522508,3.3392336260000093
1042,41148,cf_04,progressively_increasing__scale_1.60,9,1,0.035367441556926,0.0364114154341085,0.1487347779026621,1.0295179360232254,1.8074548280000045
1042,41149,cf_04,step_like__scale_0.60,14,6,0.0300757913797531,0.0362416199707197,1.1352955666072584,1.205009687463034,3.0237478950000423
1042,41150,cf_04,step_like__scale_1.00,19,11,0.0271589360990614,0.032755345984731,0.4515252572548047,1.2060614548838315,4.825609395000015
1042,41151,cf_04,step_like__scale_1.60,9,1,0.035645814647652,0.0483444993788341,0.2336129632019838,1.356246164008446,1.7622872389999884
1042,41152,cf_04,gamma__scale_0.60,13,5,0.0364420641705674,0.0414637171856637,0.9955319205656746,1.1377982594946436,2.5411049929999763
1042,41153,cf_04,gamma__scale_1.00,16,8,0.0250638561709871,0.0330693168776496,0.3670033604630308,1.3194025951971946,3.357834077999996
1042,41154,cf_04,gamma__scale_1.60,29,21,0.0275820050880594,0.0278099485725726,0.1606134572960683,1.0082642100813723,6.94615916500004
1042,51043,final,linear_increasing__scale_0.60,9,1,0.0519017753601074,0.0606157990368929,0.1435036698441685,1.1678945202996516,3.277920882999979
1042,51044,final,linear_increasing__scale_1.00,9,1,0.039672584100203,0.0522575590827248,0.0878628654134244,1.317220954166618,2.486873177999996
1042,51045,final,linear_increasing__scale_1.60,9,1,0.0366716364947232,0.0456649564829739,0.0562208423620256,1.2452391234174884,2.482840137999915
1042,51046,final,progressively_increasing__scale_0.60,9,1,0.0404142019098455,0.0539755155389959,0.3163299105719799,1.335558120370717,2.7666890520000607
1042,51047,final,progressively_increasing__scale_1.00,9,1,0.0352132637717507,0.0483004201108759,0.172035171694556,1.3716541705408225,3.5483841379999603
1042,51048,final,progressively_increasing__scale_1.60,9,1,0.0398520685542713,0.0492587176236239,0.1205448358172096,1.2360391671148123,2.510677024000074
1042,51049,final,step_like__scale_0.60,9,1,0.0393334110433405,0.0509670576615767,1.3284686772169263,1.2957700923883102,2.528793298999972
1042,51050,final,step_like__scale_1.00,9,1,0.0350448721972378,0.0476921969760548,0.6050974364157943,1.360889453602112,2.823382725999977
1042,51051,final,step_like__scale_1.60,10,2,0.0471499544923955,0.0558737409981814,0.2839416377695932,1.1850221617327945,3.641716974000019
1042,51052,final,gamma__scale_0.60,9,1,0.0418661155700683,0.0540032580115578,1.1558734046194885,1.2899037151219928,2.490547216999971
1042,51053,final,gamma__scale_1.00,9,1,0.0359248310435902,0.0488486360203136,0.505164314975493,1.3597457413520473,2.4589049239999667
1042,51054,final,gamma__scale_1.60,10,2,0.0392345856970006,0.0503930646722967,0.2126073890027746,1.2844041494784828,3.213803299999995
2042,2042,final,data_only,27,7,0.0326364955035122,0.0415060188987038,0.0086332337334392,1.2717670282410407,6.018208150999953
2042,12042,cf_01,data_only,30,10,0.0331053248548929,0.0465316899054873,0.0114006725597756,1.4055651200960806,3.1605862909999587
2042,12143,cf_01,linear_increasing__scale_0.60,9,1,0.037415546653545,0.05144677963932,0.2148078034208733,1.3750107706750714,1.6884238640000149
2042,12144,cf_01,linear_increasing__scale_1.00,9,1,0.0365821587300933,0.0413129160889482,0.1553096504060993,1.1293187040644288,1.6375739579999615
2042,12145,cf_01,linear_increasing__scale_1.60,9,1,0.0345704049135731,0.0355617156070945,0.1080602865583291,1.0286751253275657,1.1650988430000098
2042,12146,cf_01,progressively_increasing__scale_0.60,9,1,0.0366647918667413,0.0413961526566902,0.4893004876264268,1.1290437105751234,1.2931588260000808
2042,12147,cf_01,progressively_increasing__scale_1.00,12,4,0.0330188464274448,0.0359564914112597,0.27700484593078,1.0889687345761774,1.4449645290000035
2042,12148,cf_01,progressively_increasing__scale_1.60,9,1,0.0325877476582485,0.0367712067291799,0.1851511276882992,1.1283752137399559,1.09379225400005
2042,12149,cf_01,step_like__scale_0.60,9,1,0.0359015063901918,0.0376170989686408,2.406435510325421,1.0477860889680577,1.1098204239999632
2042,12150,cf_01,step_like__scale_1.00,10,2,0.0319884087132141,0.0343099167916627,1.1794226043504636,1.072573415553791,1.2897429829999965
2042,12151,cf_01,step_like__scale_1.60,9,1,0.0331591779151849,0.0417042242742217,0.5673555673873267,1.2576977746822755,1.6521587180000097
2042,12152,cf_01,gamma__scale_0.60,9,1,0.0365839299902451,0.0409503194083154,2.0205069602320425,1.119352661653206,1.4174321859999282
2042,12153,cf_01,gamma__scale_1.00,12,4,0.0333994268316083,0.0360550785486677,0.9713911970690928,1.079511894933064,1.4822703810000348
2042,12154,cf_01,gamma__scale_1.60,9,1,0.0328133770849852,0.0364516973495483,0.4552797195427644,1.1108791775726106,1.1660479360000409
2042,22042,cf_02,data_only,36,16,0.0430408352836568,0.061833521899055,0.0071439799635307,1.4366245796938342,6.601881684999967
2042,22143,cf_02,linear_increasing__scale_0.60,9,1,0.0610286520126669,0.0674378202560751,0.138406686861362,1.105019003894727,1.688741827000058
2042,22144,cf_02,linear_increasing__scale_1.00,23,15,0.0405523853505996,0.0410431432214012,0.0766552584092431,1.0121018249989169,4.466549097999973
2042,22145,cf_02,linear_increasing__scale_1.60,17,9,0.0333913010071943,0.0344411931573388,0.0504055628886214,1.0314420857671371,3.9874579159999257
2042,22146,cf_02,progressively_increasing__scale_0.60,25,17,0.0447893671810945,0.0459101180979274,0.2868636312605236,1.025022700416852,4.868986719000077
2042,22147,cf_02,progressively_increasing__scale_1.00,17,9,0.0293112221886129,0.0312919792006997,0.1573932753967873,1.067576745839561,3.1823684619999995
2042,22148,cf_02,progressively_increasing__scale_1.60,12,4,0.0364117125138879,0.0408825855204128,0.1131903001957153,1.1227866721407198,2.63836856499995
2042,22149,cf_02,step_like__scale_0.60,23,15,0.0367359866432965,0.0390978254736426,1.2629553249517265,1.0642922389230858,5.042055435999941
2042,22150,cf_02,step_like__scale_1.00,17,9,0.0312667128874018,0.0359643133566341,0.5883467956268943,1.1502428632696178,3.192458773999988
2042,22151,cf_02,step_like__scale_1.60,9,1,0.0372817937065573,0.0420412526411168,0.2967197488039342,1.127661747501231,1.6876730359999783
2042,22152,cf_02,gamma__scale_0.60,25,17,0.0435728217191237,0.0467432820223232,1.0928114790052663,1.0727623362020646,5.913425613999948
2042,22153,cf_02,gamma__scale_1.00,18,10,0.029853501103141,0.0332495190880515,0.4912986055244985,1.1137561042899988,3.3464416110000457
2042,22154,cf_02,gamma__scale_1.60,15,7,0.0353855417373983,0.0380220814822191,0.2273596861631879,1.0745089552220783,2.8521416780000663
2042,32042,cf_03,data_only,37,17,0.0255692938099736,0.0309128864951755,0.0058406055709462,1.2089847582383197,7.17982726799994
2042,32143,cf_03,linear_increasing__scale_0.60,9,1,0.0390874959420466,0.0447400134542714,0.1127920488516489,1.144611911712266,1.880364851999957
2042,32144,cf_03,linear_increasing__scale_1.00,9,1,0.0342906661655591,0.0347913520923559,0.062101625809331,1.014601230678326,1.8584803360000703
2042,32145,cf_03,linear_increasing__scale_1.60,40,40,0.0221711224403934,0.0221711224403934,0.0318565613656868,1.0,9.514159589999965
2042,32146,cf_03,progressively_increasing__scale_0.60,9,1,0.0329018744869508,0.0336354158926701,0.2603908681133647,1.0222948211054124,1.8425004489999992
2042,32147,cf_03,progressively_increasing__scale_1.00,9,1,0.026561621306599,0.0276360805483831,0.1362568044073787,1.0404515684258009,1.8732500749999872
2042,32148,cf_03,progressively_increasing__scale_1.60,9,1,0.0295555695243503,0.0344274873318879,0.1124320475407588,1.1648392464074737,2.2057293250001067
2042,32149,cf_03,step_like__scale_0.60,9,1,0.0314301615175993,0.0315405596857485,0.9950405871720962,1.0035124912764888,2.6011702289999903
2042,32150,cf_03,step_like__scale_1.00,9,1,0.0262567305910414,0.0279246672340061,0.4298901344670189,1.0635241557276667,1.857868551000024
2042,32151,cf_03,step_like__scale_1.60,9,1,0.0324090390965558,0.0438986308332802,0.2107873986311901,1.3545181238633341,1.874845198999992
2042,32152,cf_03,gamma__scale_0.60,9,1,0.0343475825544716,0.0352029385774031,0.9350732023922014,1.0249029468544109,1.8595299039999416
2042,32153,cf_03,gamma__scale_1.00,9,1,0.0272242089976435,0.0275771928870159,0.3734218089374495,1.0129658088285671,1.8518669400000365
2042,32154,cf_03,gamma__scale_1.60,9,1,0.029513815174932,0.0341761215873386,0.1520282834989053,1.1579703059320705,2.4735189499999706
2042,42042,cf_04,data_only,34,14,0.0461816773662027,0.0613248152131179,0.0103697120386769,1.3279035910028998,5.499547430999996
2042,42143,cf_04,linear_increasing__scale_0.60,12,4,0.062446181715097,0.0713011706072204,0.1121477967263847,1.1418019268579653,2.4601251269999693
2042,42144,cf_04,linear_increasing__scale_1.00,12,4,0.0476952344179153,0.0584499446569748,0.0613947245425999,1.2254881513910707,3.2735693399999946
2042,42145,cf_04,linear_increasing__scale_1.60,11,3,0.0338096361045005,0.0404652432661573,0.0469341054887697,1.1968553326360958,2.399006577000023
2042,42146,cf_04,progressively_increasing__scale_0.60,10,2,0.0463369209846516,0.0539038577029165,0.2527899895414348,1.163302536238248,1.9932222869999805
2042,42147,cf_04,progressively_increasing__scale_1.00,9,1,0.0315118334387903,0.0392259241538649,0.1425380977179041,1.2447998060810623,1.829966182000021
2042,42148,cf_04,progressively_increasing__scale_1.60,10,2,0.0245617860049571,0.0309452462308811,0.1225994998058735,1.259893976139833,2.0134912949999944
2042,42149,cf_04,step_like__scale_0.60,13,5,0.0428538673012605,0.0521005029737387,1.1046576402571553,1.2157713236818237,3.666436884000064
2042,42150,cf_04,step_like__scale_1.00,9,1,0.027505149924249,0.0353031882418776,0.4483649603710006,1.2835119364593508,1.92399938899996
2042,42151,cf_04,step_like__scale_1.60,10,2,0.0236842711016816,0.0327954736520659,0.2149029272149993,1.3846942348898126,1.9515282359999448
2042,42152,cf_04,gamma__scale_0.60,12,4,0.0470717472006689,0.0574523604843976,0.959319056001457,1.2205274692582728,2.3653305640000326
2042,42153,cf_04,gamma__scale_1.00,9,1,0.0326668592697044,0.0387398507533911,0.3568156895126991,1.1859068064531952,1.7871251909999728
2042,42154,cf_04,gamma__scale_1.60,9,1,0.0252793380674326,0.0291011638517649,0.1545429477102183,1.1511837760204633,2.4602662329999703
2042,52043,final,linear_increasing__scale_0.60,9,1,0.0493925437927246,0.0609130150188099,0.1422403828808116,1.2332431241936204,2.6774720270000216
2042,52044,final,linear_increasing__scale_1.00,9,1,0.0395493991158225,0.052117807041515,0.0865365015829846,1.317790110764648,3.135674332999997
2042,52045,final,linear_increasing__scale_1.60,9,1,0.0347894689386541,0.0454813120581887,0.0547767178075311,1.3073298744050397,2.6005273010000565
2042,52046,final,progressively_increasing__scale_0.60,9,1,0.0403451822454279,0.0541203672235662,0.3138472924813664,1.341433207423406,2.457763002999968
2042,52047,final,progressively_increasing__scale_1.00,9,1,0.0343560732928189,0.0493798950802196,0.1695818526794713,1.437297407633048,2.597564712999997
2042,52048,final,progressively_increasing__scale_1.60,9,1,0.0382368986823342,0.0485141068371859,0.1180191390210356,1.2687772415915066,3.4542512069999702
2042,52049,final,step_like__scale_0.60,9,1,0.038425870808688,0.0525756990259343,1.3260438581291745,1.368237021554943,2.618821013999991
2042,52050,final,step_like__scale_1.00,9,1,0.0351569475260647,0.0480449214848605,0.6025606959171096,1.3665839859743483,2.42497886700005
2042,52051,final,step_like__scale_1.60,10,2,0.0456452501145276,0.0539741448597474,0.2819405384631475,1.1824701305025591,2.932285739999997
2042,52052,final,gamma__scale_0.60,9,1,0.0401536050276322,0.0549126240123402,1.153642433934507,1.3675639827246246,3.087390808000009
2042,52053,final,gamma__scale_1.00,9,1,0.0352606464732777,0.0493130449815229,0.5027395122394577,1.3985292362377648,2.582927789999985
2042,52054,final,gamma__scale_1.60,9,1,0.0379134397506713,0.0477250185879794,0.2119442494353841,1.258788938746566,2.455848655000068
3042,3042,final,data_only,27,7,0.0348533133376728,0.0428435638601129,0.0089203310719813,1.2292536851526097,7.564859087000059
3042,13042,cf_01,data_only,31,11,0.0352009081207545,0.046106353270269,0.0103899025955608,1.309805790012691,3.055016489999957
3042,13143,cf_01,linear_increasing__scale_0.60,9,1,0.0448597226522665,0.0586809901009618,0.2078156084823327,1.3080997079681451,1.1878017190000492
3042,13144,cf_01,linear_increasing__scale_1.00,9,1,0.0429068054773111,0.0438184062991522,0.1461631492138774,1.0212460660191343,1.5197631900000488
3042,13145,cf_01,linear_increasing__scale_1.60,14,6,0.0327069569477992,0.0380360721486859,0.0864525292469488,1.16293521923767,2.453510916999903
3042,13146,cf_01,progressively_increasing__scale_0.60,9,1,0.0428423185264114,0.0431282710185093,0.478550523965942,1.0066745335437814,1.1557924950000142
3042,13147,cf_01,progressively_increasing__scale_1.00,13,5,0.0314162294421575,0.0349308959150736,0.2642867675273461,1.1118742298272037,1.596467771999983
3042,13148,cf_01,progressively_increasing__scale_1.60,11,3,0.0278526280833556,0.0324927589534658,0.1685973865251026,1.1665958004473944,1.3149327070000254
3042,13149,cf_01,step_like__scale_0.60,17,9,0.0368987458997068,0.0402408975415525,2.374393648415114,1.0905762935935517,2.104650412000069
3042,13150,cf_01,step_like__scale_1.00,11,3,0.0292446339024906,0.0318460728214905,1.1649844934872158,1.0889544019485349,1.3605512149999868
3042,13151,cf_01,step_like__scale_1.60,9,1,0.0284591396298028,0.0326580695346393,0.5582034225037462,1.1475424049868086,1.4801535149999836
3042,13152,cf_01,gamma__scale_0.60,9,1,0.0431930048275837,0.0434373564424767,2.010164587864592,1.005657203426073,1.859359498000004
3042,13153,cf_01,gamma__scale_1.00,15,7,0.0316638640597858,0.0379543388839316,0.9530859889899717,1.1986641558423983,1.9873158110000304
3042,13154,cf_01,gamma__scale_1.60,11,3,0.0283308008075815,0.0323239744237039,0.4392992940156827,1.1409481377968602,1.3110302430000047
3042,23042,cf_02,data_only,38,18,0.036285244844814,0.0444829094218697,0.0062882026815062,1.2259228127608277,6.94657919000008
3042,23143,cf_02,linear_increasing__scale_0.60,9,1,0.0531883316244033,0.0582806643317727,0.1348453338074454,1.0957415386391438,2.123443466000026
3042,23144,cf_02,linear_increasing__scale_1.00,22,14,0.0351277392178295,0.0372248741394695,0.0739155239184968,1.0597002530859023,4.08845076099999
3042,23145,cf_02,linear_increasing__scale_1.60,14,6,0.0314222937599222,0.031501857992162,0.0500934695077172,1.0025320949784158,3.332468674999973
3042,23146,cf_02,progressively_increasing__scale_0.60,23,15,0.0382867127178824,0.0387225514427225,0.2861677937247684,1.0113835504252244,4.521813108999936
3042,23147,cf_02,progressively_increasing__scale_1.00,18,10,0.0285075577822598,0.0328259200335823,0.1548295521147206,1.1514813118789784,3.5554591939999227
3042,23148,cf_02,progressively_increasing__scale_1.60,9,1,0.0316211284800646,0.0381198158876143,0.1156241610722403,1.2055172512785801,1.7267891909998525
3042,23149,cf_02,step_like__scale_0.60,18,10,0.0326323005604871,0.0332746288993141,1.2660452878184103,1.0196838202576735,4.371098539000059
3042,23150,cf_02,step_like__scale_1.00,12,4,0.0299921252510764,0.0336613712463786,0.5921563174763842,1.122340313151717,2.179614738000055
3042,23151,cf_02,step_like__scale_1.60,9,1,0.0340372349489181,0.0434127459551561,0.2957968017988622,1.2754486673288368,1.855983728999945
3042,23152,cf_02,gamma__scale_0.60,22,14,0.0372904730353125,0.0384707979977449,1.0923223937525794,1.0316521852998402,4.149870680000049
3042,23153,cf_02,gamma__scale_1.00,15,7,0.0287625827891303,0.031231399525933,0.4918954111106824,1.0858343200575051,3.621934017000058
3042,23154,cf_02,gamma__scale_1.60,9,1,0.0312587223588464,0.0370628510248214,0.2290971648415539,1.1856802910670596,1.6784587909999118
3042,33042,cf_03,data_only,35,15,0.0240489399951437,0.0315486106319703,0.0054061285183293,1.3118503617349055,6.0396936820000064
3042,33143,cf_03,linear_increasing__scale_0.60,38,30,0.0252314823261205,0.025341006292813,0.1016790459259056,1.004340766241035,9.350965170000109
3042,33144,cf_03,linear_increasing__scale_1.00,16,8,0.0243217150370279,0.0248973386875097,0.0544052660299672,1.0236670666359449,3.582950699999856
3042,33145,cf_03,linear_increasing__scale_1.60,9,1,0.0265955924987792,0.0280053062715392,0.041705512665672,1.0530055411559156,2.835989719000054
3042,33146,cf_03,progressively_increasing__scale_0.60,9,1,0.0252876333568407,0.0255134606706923,0.2592527907866019,1.0089303459388583,1.8764023940000245
3042,33147,cf_03,progressively_increasing__scale_1.00,9,1,0.0266938416854195,0.028768311376157,0.136791954540912,1.077713418517448,1.8807813290000013
3042,33148,cf_03,progressively_increasing__scale_1.60,9,1,0.0362419874771781,0.0466443835825159,0.111897742902791,1.287026094026667,1.8718234779998968
3042,33149,cf_03,step_like__scale_0.60,9,1,0.0249042200005572,0.0258109966913859,0.9949771261803898,1.0364105637843068,2.04596261100005
3042,33150,cf_03,step_like__scale_1.00,9,1,0.0292746467866759,0.0332990452863168,0.4308362070130713,1.1374704374391487,2.4603327100001025
3042,33151,cf_03,step_like__scale_1.60,9,1,0.0424318244491798,0.0613808839217476,0.2096849273899455,1.4465765900606729,2.117761987999984
3042,33152,cf_03,gamma__scale_0.60,9,1,0.0251224144645359,0.0254528487938037,0.9338671244515312,1.0131529686262544,1.8426955050001648
3042,33153,cf_03,gamma__scale_1.00,9,1,0.0258661249409551,0.0280698278675908,0.3742619855315597,1.0851964850423523,1.8452347300001293
3042,33154,cf_03,gamma__scale_1.60,9,1,0.0356284431789232,0.0466900701108186,0.1514749666938075,1.3104718013174135,1.833340673000066
3042,43042,cf_04,data_only,29,9,0.0415021277401807,0.060032391112368,0.0083693157219498,1.4464894785200866,5.662368343000026
3042,43143,cf_04,linear_increasing__scale_0.60,14,6,0.0561740352895181,0.0630190537645007,0.1165239586274881,1.121853778880291,2.847666585999832
3042,43144,cf_04,linear_increasing__scale_1.00,10,2,0.0396960398779725,0.0419295524897159,0.0741677716637552,1.056265376057897,2.087692177999997
3042,43145,cf_04,linear_increasing__scale_1.60,11,3,0.0272888620296176,0.0321514156278011,0.0527028461823663,1.1781882144043232,2.653460500999927
3042,43146,cf_04,progressively_increasing__scale_0.60,12,4,0.0380130674830585,0.0429912528269133,0.2594802550659011,1.1309598428507106,3.141813402000025
3042,43147,cf_04,progressively_increasing__scale_1.00,9,1,0.0246295313227851,0.0286026746649646,0.1534460461297572,1.1613162382226856,1.8485527390000696
3042,43148,cf_04,progressively_increasing__scale_1.60,9,1,0.0223340025206781,0.0269764777764959,0.1304117901369962,1.2078657979696892,1.871348929000078
3042,43149,cf_04,step_like__scale_0.60,10,2,0.0323035037320739,0.0355059871063479,1.1228968691878498,1.0991373381920264,2.0414276650001284
3042,43150,cf_04,step_like__scale_1.00,9,1,0.0226770940254319,0.0263886043345028,0.4575618491662259,1.163667809680928,2.1748640069999965
3042,43151,cf_04,step_like__scale_1.60,9,1,0.022299642832774,0.0324053701083615,0.2211478525571212,1.4531788850328589,2.77793954699996
3042,43152,cf_04,gamma__scale_0.60,11,3,0.0377479980365847,0.0431247448091799,0.9740216718867388,1.1424379318708282,2.2484000500001
3042,43153,cf_04,gamma__scale_1.00,11,3,0.0243556084779073,0.0317828378481966,0.3620991228563633,1.3049494483796802,2.218765071000007
3042,43154,cf_04,gamma__scale_1.60,9,1,0.0222717086380382,0.0259694527342634,0.1613675311832764,1.1660287567658714,1.829829206000113
3042,53043,final,linear_increasing__scale_0.60,10,2,0.0497905486713756,0.0596829755956476,0.1438172469552447,1.1986808177102721,2.738515790000065
3042,53044,final,linear_increasing__scale_1.00,9,1,0.0397212652726606,0.0491283099434592,0.0901876179410005,1.2368264103931577,2.448193024999909
3042,53045,final,linear_increasing__scale_1.60,9,1,0.0340468339053067,0.0426553626493974,0.0581216533231524,1.2528437377770074,3.609146606999957
3042,53046,final,progressively_increasing__scale_0.60,9,1,0.0380965289202603,0.0508024833852594,0.3193484827192771,1.3335200036621153,2.520902987999989
3042,53047,final,progressively_increasing__scale_1.00,9,1,0.0343685242912986,0.0448185283920981,0.1762683961003995,1.3040573989219906,2.457263798999975
3042,53048,final,progressively_increasing__scale_1.60,10,2,0.0404266392642801,0.0480880347165194,0.1201468117637012,1.1895135383912239,2.7719637040002
3042,53049,final,step_like__scale_0.60,9,1,0.0373254818482832,0.0483215949318625,1.3317111104319197,1.2946007000867443,3.6436745930000143
3042,53050,final,step_like__scale_1.00,9,1,0.0352374992695721,0.0439933211586692,0.6088830359214175,1.2484802290342387,2.480049319000045
3042,53051,final,step_like__scale_1.60,10,2,0.0477978435212915,0.053261439204216,0.2849038224952027,1.1143063218007052,2.723745570999881
3042,53052,final,gamma__scale_0.60,9,1,0.0391067111275412,0.0514704716422341,1.158637266722976,1.316154444038267,2.515895455999953
3042,53053,final,gamma__scale_1.00,9,1,0.0338197742808948,0.0448259233994917,0.5087534988108702,1.325435321572043,3.3771160839999084
3042,53054,final,gamma__scale_1.60,10,2,0.0393931984142823,0.0473291641582142,0.214275118452066,1.2014552273839907,2.9196829109998816
4042,4042,final,data_only,22,2,0.0329956000501459,0.0409254100105979,0.0100423267661134,1.240329315072327,5.591117720000057
4042,14042,cf_01,data_only,33,13,0.0325958538899379,0.0406084377153784,0.009727059009126,1.2458160431230159,3.593442407999873
4042,14143,cf_01,linear_increasing__scale_0.60,9,1,0.0491181675311738,0.0543485268027381,0.1891687131515157,1.1064852280624018,1.123192078000102
4042,14144,cf_01,linear_increasing__scale_1.00,13,5,0.0398029922384076,0.0418214745226159,0.1196675086922392,1.0507118226719794,2.71436636999988
4042,14145,cf_01,linear_increasing__scale_1.60,12,4,0.0310473832408938,0.036118169801425,0.0736484174708372,1.1633241204641123,1.780735242999981
4042,14146,cf_01,progressively_increasing__scale_0.60,14,6,0.0382369039332972,0.042841530479161,0.4437740376279184,1.1204236240961452,1.6797029320000547
4042,14147,cf_01,progressively_increasing__scale_1.00,11,3,0.0301246168339146,0.0357603921299487,0.2462048304389403,1.1870820574119065,1.3333379560001504
4042,14148,cf_01,progressively_increasing__scale_1.60,9,1,0.0275960000215378,0.0357722529267842,0.1510102173657618,1.296283986768557,1.1180323510000107
4042,14149,cf_01,step_like__scale_0.60,14,6,0.0351616682204525,0.0392663795336157,2.360341516668776,1.1167382414118683,1.7947858239999732
4042,14150,cf_01,step_like__scale_1.00,10,2,0.0284172454766467,0.0343178943195174,1.1437767902072105,1.207643237192706,1.491089288000012
4042,14151,cf_01,step_like__scale_1.60,9,1,0.0282866664692363,0.038335118673544,0.537014508417829,1.3552363519128732,2.0283985760002
4042,14152,cf_01,gamma__scale_0.60,17,9,0.0401173439701046,0.0451646811139267,1.9701733376511217,1.1258143397425155,2.137306897999906
4042,14153,cf_01,gamma__scale_1.00,11,3,0.0302716947234837,0.0358026048778432,0.9403968260497112,1.182708969711855,1.3787085880001086
4042,14154,cf_01,gamma__scale_1.60,9,1,0.0279736392265927,0.0353357222227923,0.4205405795731113,1.2631793073673785,1.1749873450000905
4042,24042,cf_02,data_only,40,20,0.0368018609317228,0.0512325457710633,0.0057938652470589,1.3921183460291109,7.7842956839999715
4042,24143,cf_02,linear_increasing__scale_0.60,18,10,0.0598845953609854,0.0613057026888597,0.1273213234951657,1.0237307661395696,3.5533747810000023
4042,24144,cf_02,linear_increasing__scale_1.00,18,10,0.0397968993467443,0.0419115828957787,0.0751371290841473,1.0531368921636202,4.216533878000064
4042,24145,cf_02,linear_increasing__scale_1.60,12,4,0.0318093841726129,0.0340459793009222,0.0487524686547282,1.0703124309534717,2.5693526489999385
4042,24146,cf_02,progressively_increasing__scale_0.60,24,16,0.0433101131316812,0.045015796620578,0.2829006012700485,1.0393830300953222,4.862855659999923
4042,24147,cf_02,progressively_increasing__scale_1.00,13,5,0.0281076144407139,0.0298045051289114,0.1564042823075029,1.0603712097935838,2.4088089189999664
4042,24148,cf_02,progressively_increasing__scale_1.60,9,1,0.0289938099244061,0.037280001742317,0.1117624553985584,1.2857917548440516,2.4649075439999706
4042,24149,cf_02,step_like__scale_0.60,15,7,0.0354666053292585,0.0364979103924756,1.2658650285476043,1.0290782005676284,2.963822844999868
4042,24150,cf_02,step_like__scale_1.00,11,3,0.0271704037559223,0.0307609553643088,0.589520955376839,1.1321493651931422,1.987633414999891
4042,24151,cf_02,step_like__scale_1.60,9,1,0.0295647464015267,0.0432007594860811,0.2923056389850896,1.4612254371933406,1.6387167120001322
4042,24152,cf_02,gamma__scale_0.60,15,7,0.0420823326722823,0.0427745931288775,1.0968032810987227,1.0164501445769702,3.0385981019999235
4042,24153,cf_02,gamma__scale_1.00,13,5,0.0284519112683872,0.0301600395039441,0.4911226503961401,1.0600356235981516,3.2113050529999327
4042,24154,cf_02,gamma__scale_1.60,10,2,0.0291743986109361,0.0381239883721193,0.2241169520733642,1.3067617564472578,1.8173623019999925
4042,34042,cf_03,data_only,33,13,0.0269215642542078,0.0398117390231809,0.0069145210823159,1.4788048215644969,5.539109574999884
4042,34143,cf_03,linear_increasing__scale_0.60,9,1,0.0312483068825542,0.0406620433365089,0.1170555233881797,1.3012558884977652,2.6116290699999354
4042,34144,cf_03,linear_increasing__scale_1.00,9,1,0.0299423121023869,0.0330423755922179,0.0659595108363363,1.103534539324499,1.8459496780001243
4042,34145,cf_03,linear_increasing__scale_1.60,9,1,0.0296056270599365,0.0299493920975837,0.0457304472043926,1.0116114763234452,1.835323482999911
4042,34146,cf_03,progressively_increasing__scale_0.60,9,1,0.0291559074235999,0.0332600482995959,0.266670117392952,1.1407653281500665,1.8536720899999184
4042,34147,cf_03,progressively_increasing__scale_1.00,19,11,0.0282228822293488,0.0283297006634698,0.1374802363654713,1.0037848166339978,4.637339231999931
4042,34148,cf_03,progressively_increasing__scale_1.60,9,1,0.0337395391602447,0.0360962757165881,0.1160472018851174,1.069850881636236,2.34582413499993
4042,34149,cf_03,step_like__scale_0.60,9,1,0.0279671040134153,0.031323902848838,1.0023684896068807,1.120026686846536,1.805012794000049
4042,34150,cf_03,step_like__scale_1.00,37,29,0.0273922249890755,0.027500525764797,0.4258577679263221,1.0039537049569611,7.872404620999987
4042,34151,cf_03,step_like__scale_1.60,9,1,0.0366605226544366,0.043372631072998,0.2145911770102418,1.1830881813069052,2.6440224280001985
4042,34152,cf_03,gamma__scale_0.60,9,1,0.0290119198785311,0.033639037090799,0.9415181554394004,1.1594902106320781,1.8782563570000548
4042,34153,cf_03,gamma__scale_1.00,16,8,0.0281563513520835,0.0282384761865588,0.3710354310642054,1.0029167427785073,3.2638766559998658
4042,34154,cf_03,gamma__scale_1.60,9,1,0.0333898931309796,0.035626452902089,0.1556553971178737,1.066983136553806,1.839619932000005
4042,44042,cf_04,data_only,30,10,0.0386246694603337,0.0579447322437223,0.0083327927548545,1.5002000807600355,5.377309993999916
4042,44143,cf_04,linear_increasing__scale_0.60,14,6,0.0541271425361903,0.0597590335978652,0.1155012131362298,1.1040492957467565,2.7997736950001126
4042,44144,cf_04,linear_increasing__scale_1.00,13,5,0.0392226907863931,0.0486078974351568,0.0648748114639296,1.239280030528134,2.592154638000011
4042,44145,cf_04,linear_increasing__scale_1.60,11,3,0.0262499738502193,0.0328377226613602,0.0499512391127892,1.250962109476001,2.9265702040002
4042,44146,cf_04,progressively_increasing__scale_0.60,12,4,0.036840084799618,0.0459478255712761,0.2547121770992447,1.2472236646901675,2.627472307000062
4042,44147,cf_04,progressively_increasing__scale_1.00,10,2,0.026604797585674,0.0337819581728358,0.1451608710007425,1.269769411477369,1.9772585319999507
4042,44148,cf_04,progressively_increasing__scale_1.60,9,1,0.0241424410410647,0.0264986421702043,0.1266846210751312,1.0975958116717301,1.8151070320000144
4042,44149,cf_04,step_like__scale_0.60,11,3,0.0335400543298642,0.0408203298102994,1.1142702328974574,1.2170621254466132,2.1657977019999635
4042,44150,cf_04,step_like__scale_1.00,9,1,0.0245491385741053,0.0290712421795107,0.4522432823054838,1.1842062030712297,2.4313674309998987
4042,44151,cf_04,step_like__scale_1.60,9,1,0.0251113928432734,0.0330753312358316,0.218409834647547,1.3171444309068465,2.184764436000023
4042,44152,cf_04,gamma__scale_0.60,12,4,0.0376009700802277,0.0475569841504659,0.9660627041957762,1.2647807769053685,2.336287494999852
4042,44153,cf_04,gamma__scale_1.00,11,3,0.0262703177220416,0.0358721995989809,0.3570178670204238,1.365503073793547,2.135171820000096
4042,44154,cf_04,gamma__scale_1.60,9,1,0.0244468332461591,0.0257762456137054,0.1576223000719584,1.0543797372101422,1.7696730269999534
4042,54043,final,linear_increasing__scale_0.60,9,1,0.0398800419514829,0.0550265750018033,0.1623278418713199,1.3798023349310242,2.483144196000012
4042,54044,final,linear_increasing__scale_1.00,9,1,0.0375932362946597,0.0458801181966608,0.105023356833385,1.2204354484686464,2.451333151000199
4042,54045,final,linear_increasing__scale_1.60,9,1,0.0332079009142788,0.039480391068892,0.0705510596845865,1.18888547550189,3.367025468999828
4042,54046,final,progressively_increasing__scale_0.60,9,1,0.0367854269634593,0.0473723819039084,0.3391130515767601,1.2878029647709572,2.6452573259998644
4042,54047,final,progressively_increasing__scale_1.00,9,1,0.0324807306419719,0.0405408730940385,0.1944784650089082,1.2481515129974081,2.392187966000165
4042,54048,final,progressively_increasing__scale_1.60,9,1,0.0353788385824723,0.041497745628384,0.1364018688591276,1.1729538699142934,2.410403421999945
4042,54049,final,step_like__scale_0.60,9,1,0.0348373093821785,0.0442755510156804,1.351451748336215,1.2709233807341664,3.407847289000074
4042,54050,final,step_like__scale_1.00,9,1,0.0327174990827387,0.0393013255379416,0.6275862357545455,1.2012325709417206,2.588969928999859
4042,54051,final,step_like__scale_1.60,9,1,0.0378176509250294,0.0478124996748837,0.3001895192066509,1.2642905761034264,2.473867673000086
4042,54052,final,gamma__scale_0.60,9,1,0.0371167884956706,0.0474156655398282,1.1779658198836152,1.2774722022450538,2.4479106690000663
4042,54053,final,gamma__scale_1.00,9,1,0.0326203315908258,0.0407800299037586,0.5262684442060951,1.2501414889120148,3.2628094540000347
4042,54054,final,gamma__scale_1.60,9,1,0.0351965783726085,0.040992602199316,0.2294022050579037,1.164675775166208,2.611743809000018
