parent_seed,run_id,method,rmse,data_only_rmse,physics_regret,positive_physics_regret
42,pca_gamma_test_01,all_off,0.05172118629382416,0.05172118629382416,0.0,0.0
42,pca_gamma_test_01,all_on,0.06621173237608535,0.05172118629382416,0.014490546082261191,0.014490546082261191
42,pca_gamma_test_01,anti_oracle,0.06677585350166126,0.05172118629382416,0.015054667207837102,0.015054667207837102
42,pca_gamma_test_01,data_only,0.05172118629382416,0.05172118629382416,0.0,0.0
42,pca_gamma_test_01,inverse_residual,0.0626928568445364,0.05172118629382416,0.010971670550712243,0.010971670550712243
42,pca_gamma_test_01,oracle,0.06169353318733458,0.05172118629382416,0.009972346893510418,0.009972346893510418
42,pca_gamma_test_01,priorcred,0.06419444894384482,0.05172118629382416,0.012473262650020661,0.012473262650020661
42,pca_gamma_test_01,random_credibility,0.06719647482971992,0.05172118629382416,0.015475288535895762,0.015475288535895762
42,pca_gamma_test_01,validation_selected_scalar,0.05172118629382416,0.05172118629382416,0.0,0.0
42,pca_gamma_test_02,all_off,0.09463784712131722,0.09463784712131722,0.0,0.0
42,pca_gamma_test_02,all_on,0.10232156745620867,0.09463784712131722,0.007683720334891453,0.007683720334891453
42,pca_gamma_test_02,anti_oracle,0.14048787290501158,0.09463784712131722,0.04585002578369436,0.04585002578369436
42,pca_gamma_test_02,data_only,0.09463784712131722,0.09463784712131722,0.0,0.0
42,pca_gamma_test_02,inverse_residual,0.10273278672165777,0.09463784712131722,0.00809493960034055,0.00809493960034055
42,pca_gamma_test_02,oracle,0.07625725806237776,0.09463784712131722,-0.018380589058939453,0.0
42,pca_gamma_test_02,priorcred,0.17285771143482745,0.09463784712131722,0.07821986431351023,0.07821986431351023
42,pca_gamma_test_02,random_credibility,0.10363700454544494,0.09463784712131722,0.008999157424127727,0.008999157424127727
42,pca_gamma_test_02,validation_selected_scalar,0.09463784712131722,0.09463784712131722,0.0,0.0
42,pca_gamma_test_03,all_off,0.08709028272187719,0.08709028272187719,0.0,0.0
42,pca_gamma_test_03,all_on,0.10963060111089785,0.08709028272187719,0.022540318389020667,0.022540318389020667
42,pca_gamma_test_03,anti_oracle,0.10963060633537523,0.08709028272187719,0.022540323613498045,0.022540323613498045
42,pca_gamma_test_03,data_only,0.08709028272187719,0.08709028272187719,0.0,0.0
42,pca_gamma_test_03,inverse_residual,0.10713027812691915,0.08709028272187719,0.020039995405041963,0.020039995405041963
42,pca_gamma_test_03,oracle,0.08709028272187719,0.08709028272187719,0.0,0.0
42,pca_gamma_test_03,priorcred,0.10487727080820565,0.08709028272187719,0.017786988086328462,0.017786988086328462
42,pca_gamma_test_03,random_credibility,0.11114571899028823,0.08709028272187719,0.024055436268411043,0.024055436268411043
42,pca_gamma_test_03,validation_selected_scalar,0.08709028272187719,0.08709028272187719,0.0,0.0
42,pca_gamma_test_04,all_off,0.19584243346703362,0.19584243346703362,0.0,0.0
42,pca_gamma_test_04,all_on,0.2021163404923994,0.19584243346703362,0.006273907025365788,0.006273907025365788
42,pca_gamma_test_04,anti_oracle,0.26203803615917165,0.19584243346703362,0.06619560269213803,0.06619560269213803
42,pca_gamma_test_04,data_only,0.19584243346703362,0.19584243346703362,0.0,0.0
42,pca_gamma_test_04,inverse_residual,0.2094589051644412,0.19584243346703362,0.013616471697407595,0.013616471697407595
42,pca_gamma_test_04,oracle,0.1676562812173437,0.19584243346703362,-0.028186152249689927,0.0
42,pca_gamma_test_04,priorcred,0.15784080973513576,0.19584243346703362,-0.03800162373189786,0.0
42,pca_gamma_test_04,random_credibility,0.20337924649608163,0.19584243346703362,0.007536813029048017,0.007536813029048017
42,pca_gamma_test_04,validation_selected_scalar,0.19584243346703362,0.19584243346703362,0.0,0.0
42,pca_linear_test_01,all_off,0.21235870369916687,0.21235870369916687,0.0,0.0
42,pca_linear_test_01,all_on,0.19817224633425576,0.21235870369916687,-0.014186457364911115,0.0
42,pca_linear_test_01,anti_oracle,0.245931055677265,0.21235870369916687,0.03357235197809813,0.03357235197809813
42,pca_linear_test_01,data_only,0.21235870369916687,0.21235870369916687,0.0,0.0
42,pca_linear_test_01,inverse_residual,0.1994551293816868,0.21235870369916687,-0.012903574317480071,0.0
42,pca_linear_test_01,oracle,0.16681760132632636,0.21235870369916687,-0.04554110237284051,0.0
42,pca_linear_test_01,priorcred,0.2358456220780262,0.21235870369916687,0.02348691837885933,0.02348691837885933
42,pca_linear_test_01,random_credibility,0.19612874273573205,0.21235870369916687,-0.01622996096343482,0.0
42,pca_linear_test_01,validation_selected_scalar,0.21235870369916687,0.21235870369916687,0.0,0.0
42,pca_linear_test_02,all_off,0.10026834677257872,0.10026834677257872,0.0,0.0
42,pca_linear_test_02,all_on,0.09640425739067199,0.10026834677257872,-0.0038640893819067296,0.0
42,pca_linear_test_02,anti_oracle,0.12379035377938583,0.10026834677257872,0.023522007006807108,0.023522007006807108
42,pca_linear_test_02,data_only,0.10026834677257872,0.10026834677257872,0.0,0.0
42,pca_linear_test_02,inverse_residual,0.09782582463391934,0.10026834677257872,-0.002442522138659378,0.0
42,pca_linear_test_02,oracle,0.08674681506190712,0.10026834677257872,-0.013521531710671594,0.0
42,pca_linear_test_02,priorcred,0.0859448365762699,0.10026834677257872,-0.014323510196308814,0.0
42,pca_linear_test_02,random_credibility,0.09966700317860896,0.10026834677257872,-0.0006013435939697526,0.0
42,pca_linear_test_02,validation_selected_scalar,0.10026834677257872,0.10026834677257872,0.0,0.0
42,pca_linear_test_03,all_off,0.2955052024461389,0.2955052024461389,0.0,0.0
42,pca_linear_test_03,all_on,0.27887149273681333,0.2955052024461389,-0.016633709709325595,0.0
42,pca_linear_test_03,anti_oracle,0.3161008069180161,0.2955052024461389,0.020595604471877194,0.020595604471877194
42,pca_linear_test_03,data_only,0.2955052024461389,0.2955052024461389,0.0,0.0
42,pca_linear_test_03,inverse_residual,0.2837873433119413,0.2955052024461389,-0.01171785913419765,0.0
42,pca_linear_test_03,oracle,0.26061995012601014,0.2955052024461389,-0.03488525232012879,0.0
42,pca_linear_test_03,priorcred,0.2723913521504353,0.2955052024461389,-0.02311385029570362,0.0
42,pca_linear_test_03,random_credibility,0.2776207935128404,0.2955052024461389,-0.017884408933298512,0.0
42,pca_linear_test_03,validation_selected_scalar,0.2955052024461389,0.2955052024461389,0.0,0.0
42,pca_linear_test_04,all_off,0.10071019953667988,0.10071019953667988,0.0,0.0
42,pca_linear_test_04,all_on,0.10087268986078712,0.10071019953667988,0.0001624903241072423,0.0001624903241072423
42,pca_linear_test_04,anti_oracle,0.1269791134022688,0.10071019953667988,0.026268913865588925,0.026268913865588925
42,pca_linear_test_04,data_only,0.10071019953667988,0.10071019953667988,0.0,0.0
42,pca_linear_test_04,inverse_residual,0.10242742842043995,0.10071019953667988,0.0017172288837600663,0.0017172288837600663
42,pca_linear_test_04,oracle,0.08805922199882249,0.10071019953667988,-0.012650977537857391,0.0
42,pca_linear_test_04,priorcred,0.11798237523863167,0.10071019953667988,0.01727217570195179,0.01727217570195179
42,pca_linear_test_04,random_credibility,0.10173346105136069,0.10071019953667988,0.0010232615146808094,0.0010232615146808094
42,pca_linear_test_04,validation_selected_scalar,0.10071019953667988,0.10071019953667988,0.0,0.0
42,pca_progressive_test_01,all_off,0.17574293545660089,0.17574293545660089,0.0,0.0
42,pca_progressive_test_01,all_on,0.1774271705961335,0.17574293545660089,0.0016842351395326138,0.0016842351395326138
42,pca_progressive_test_01,anti_oracle,0.23385365750431514,0.17574293545660089,0.05811072204771425,0.05811072204771425
42,pca_progressive_test_01,data_only,0.17574293545660089,0.17574293545660089,0.0,0.0
42,pca_progressive_test_01,inverse_residual,0.1746385883543817,0.17574293545660089,-0.001104347102219183,0.0
42,pca_progressive_test_01,oracle,0.13138359827183013,0.17574293545660089,-0.04435933718477075,0.0
42,pca_progressive_test_01,priorcred,0.13325046998686266,0.17574293545660089,-0.04249246546973823,0.0
42,pca_progressive_test_01,random_credibility,0.1780688403020116,0.17574293545660089,0.0023259048454107034,0.0023259048454107034
42,pca_progressive_test_01,validation_selected_scalar,0.17574293545660089,0.17574293545660089,0.0,0.0
42,pca_progressive_test_02,all_off,0.16144410765343947,0.16144410765343947,0.0,0.0
42,pca_progressive_test_02,all_on,0.17208523521861874,0.16144410765343947,0.010641127565179265,0.010641127565179265
42,pca_progressive_test_02,anti_oracle,0.22120096900601569,0.16144410765343947,0.05975686135257621,0.05975686135257621
42,pca_progressive_test_02,data_only,0.16144410765343947,0.16144410765343947,0.0,0.0
42,pca_progressive_test_02,inverse_residual,0.17780734719389102,0.16144410765343947,0.016363239540451546,0.016363239540451546
42,pca_progressive_test_02,oracle,0.13881295740426688,0.16144410765343947,-0.022631150249172588,0.0
42,pca_progressive_test_02,priorcred,0.14859243258017857,0.16144410765343947,-0.012851675073260904,0.0
42,pca_progressive_test_02,random_credibility,0.17429308093380957,0.16144410765343947,0.012848973280370102,0.012848973280370102
42,pca_progressive_test_02,validation_selected_scalar,0.16144410765343947,0.16144410765343947,0.0,0.0
42,pca_progressive_test_03,all_off,0.11140000802670157,0.11140000802670157,0.0,0.0
42,pca_progressive_test_03,all_on,0.11722801045524,0.11140000802670157,0.00582800242853844,0.00582800242853844
42,pca_progressive_test_03,anti_oracle,0.1365623032295665,0.11140000802670157,0.025162295202864934,0.025162295202864934
42,pca_progressive_test_03,data_only,0.11140000802670157,0.11140000802670157,0.0,0.0
42,pca_progressive_test_03,inverse_residual,0.11899419836754693,0.11140000802670157,0.0075941903408453665,0.0075941903408453665
42,pca_progressive_test_03,oracle,0.10692896120306193,0.11140000802670157,-0.004471046823639635,0.0
42,pca_progressive_test_03,priorcred,0.1101290669538074,0.11140000802670157,-0.0012709410728941606,0.0
42,pca_progressive_test_03,random_credibility,0.11788348700157093,0.11140000802670157,0.006483478974869367,0.006483478974869367
42,pca_progressive_test_03,validation_selected_scalar,0.11140000802670157,0.11140000802670157,0.0,0.0
42,pca_progressive_test_04,all_off,0.21160231250419043,0.21160231250419043,0.0,0.0
42,pca_progressive_test_04,all_on,0.21096743564158862,0.21160231250419043,-0.000634876862601802,0.0
42,pca_progressive_test_04,anti_oracle,0.26909766433280036,0.21160231250419043,0.05749535182860993,0.05749535182860993
42,pca_progressive_test_04,data_only,0.21160231250419043,0.21160231250419043,0.0,0.0
42,pca_progressive_test_04,inverse_residual,0.21524880271017433,0.21160231250419043,0.003646490205983899,0.003646490205983899
42,pca_progressive_test_04,oracle,0.18793851688023228,0.21160231250419043,-0.02366379562395815,0.0
42,pca_progressive_test_04,priorcred,0.17933110169289568,0.21160231250419043,-0.03227121081129475,0.0
42,pca_progressive_test_04,random_credibility,0.21302764998305415,0.21160231250419043,0.0014253374788637252,0.0014253374788637252
42,pca_progressive_test_04,validation_selected_scalar,0.21160231250419043,0.21160231250419043,0.0,0.0
42,pca_step_test_01,all_off,0.15692995793917813,0.15692995793917813,0.0,0.0
42,pca_step_test_01,all_on,0.13843204833920172,0.15692995793917813,-0.01849790959997641,0.0
42,pca_step_test_01,anti_oracle,0.2115636928972096,0.15692995793917813,0.05463373495803148,0.05463373495803148
42,pca_step_test_01,data_only,0.15692995793917813,0.15692995793917813,0.0,0.0
42,pca_step_test_01,inverse_residual,0.14017630797087824,0.15692995793917813,-0.016753649968299894,0.0
42,pca_step_test_01,oracle,0.12568520947661266,0.15692995793917813,-0.031244748462565475,0.0
42,pca_step_test_01,priorcred,0.1260995076485486,0.15692995793917813,-0.03083045029062953,0.0
42,pca_step_test_01,random_credibility,0.1386181330386521,0.15692995793917813,-0.01831182490052602,0.0
42,pca_step_test_01,validation_selected_scalar,0.15692995793917813,0.15692995793917813,0.0,0.0
42,pca_step_test_02,all_off,0.2610584147036263,0.2610584147036263,0.0,0.0
42,pca_step_test_02,all_on,0.25154642461130045,0.2610584147036263,-0.00951199009232584,0.0
42,pca_step_test_02,anti_oracle,0.3162155040652872,0.2610584147036263,0.055157089361660916,0.055157089361660916
42,pca_step_test_02,data_only,0.2610584147036263,0.2610584147036263,0.0,0.0
42,pca_step_test_02,inverse_residual,0.25750079533371817,0.2610584147036263,-0.003557619369908116,0.0
42,pca_step_test_02,oracle,0.22350386452270884,0.2610584147036263,-0.03755455018091744,0.0
42,pca_step_test_02,priorcred,0.2236162017826477,0.2610584147036263,-0.037442212920978574,0.0
42,pca_step_test_02,random_credibility,0.25321132685871334,0.2610584147036263,-0.007847087844912948,0.0
42,pca_step_test_02,validation_selected_scalar,0.2610584147036263,0.2610584147036263,0.0,0.0
42,pca_step_test_03,all_off,0.20360621779261845,0.20360621779261845,0.0,0.0
42,pca_step_test_03,all_on,0.1912363158683125,0.20360621779261845,-0.012369901924305954,0.0
42,pca_step_test_03,anti_oracle,0.22972442976453447,0.20360621779261845,0.026118211971916022,0.026118211971916022
42,pca_step_test_03,data_only,0.20360621779261845,0.20360621779261845,0.0,0.0
42,pca_step_test_03,inverse_residual,0.19111583985200747,0.20360621779261845,-0.012490377940610975,0.0
42,pca_step_test_03,oracle,0.18254734317170093,0.20360621779261845,-0.021058874620917517,0.0
42,pca_step_test_03,priorcred,0.18028561304116777,0.20360621779261845,-0.023320604751450674,0.0
42,pca_step_test_03,random_credibility,0.19239871655924046,0.20360621779261845,-0.011207501233377992,0.0
42,pca_step_test_03,validation_selected_scalar,0.20360621779261845,0.20360621779261845,0.0,0.0
42,pca_step_test_04,all_off,0.25997678117553846,0.25997678117553846,0.0,0.0
42,pca_step_test_04,all_on,0.2525977764048727,0.25997678117553846,-0.007379004770665776,0.0
42,pca_step_test_04,anti_oracle,0.2970570629349146,0.25997678117553846,0.03708028175937611,0.03708028175937611
42,pca_step_test_04,data_only,0.25997678117553846,0.25997678117553846,0.0,0.0
42,pca_step_test_04,inverse_residual,0.2572697150058743,0.25997678117553846,-0.002707066169664152,0.0
42,pca_step_test_04,oracle,0.23366704968412882,0.25997678117553846,-0.026309731491409638,0.0
42,pca_step_test_04,priorcred,0.22570695070812574,0.25997678117553846,-0.03426983046741272,0.0
42,pca_step_test_04,random_credibility,0.25205124823668573,0.25997678117553846,-0.00792553293885273,0.0
42,pca_step_test_04,validation_selected_scalar,0.25997678117553846,0.25997678117553846,0.0,0.0
1042,pca_gamma_test_01,all_off,0.06474775218152239,0.06474775218152239,0.0,0.0
1042,pca_gamma_test_01,all_on,0.07611332019990773,0.06474775218152239,0.011365568018385341,0.011365568018385341
1042,pca_gamma_test_01,anti_oracle,0.0766171225924401,0.06474775218152239,0.01186937041091772,0.01186937041091772
1042,pca_gamma_test_01,data_only,0.06474775218152239,0.06474775218152239,0.0,0.0
1042,pca_gamma_test_01,inverse_residual,0.07078862971853911,0.06474775218152239,0.006040877537016723,0.006040877537016723
1042,pca_gamma_test_01,oracle,0.07124793000164736,0.06474775218152239,0.006500177820124978,0.006500177820124978
1042,pca_gamma_test_01,priorcred,0.0758615202504058,0.06474775218152239,0.011113768068883409,0.011113768068883409
1042,pca_gamma_test_01,random_credibility,0.07351391616256571,0.06474775218152239,0.008766163981043323,0.008766163981043323
1042,pca_gamma_test_01,validation_selected_scalar,0.06474775218152239,0.06474775218152239,0.0,0.0
1042,pca_gamma_test_02,all_off,0.09556170506263346,0.09556170506263346,0.0,0.0
1042,pca_gamma_test_02,all_on,0.09882845418688059,0.09556170506263346,0.003266749124247126,0.003266749124247126
1042,pca_gamma_test_02,anti_oracle,0.11524514578062486,0.09556170506263346,0.0196834407179914,0.0196834407179914
1042,pca_gamma_test_02,data_only,0.09556170506263346,0.09556170506263346,0.0,0.0
1042,pca_gamma_test_02,inverse_residual,0.09957833440215096,0.09556170506263346,0.004016629339517491,0.004016629339517491
1042,pca_gamma_test_02,oracle,0.08492669149336257,0.09556170506263346,-0.010635013569270893,0.0
1042,pca_gamma_test_02,priorcred,0.10037430416546986,0.09556170506263346,0.004812599102836393,0.004812599102836393
1042,pca_gamma_test_02,random_credibility,0.09824827494013044,0.09556170506263346,0.0026865698774969776,0.0026865698774969776
1042,pca_gamma_test_02,validation_selected_scalar,0.09556170506263346,0.09556170506263346,0.0,0.0
1042,pca_gamma_test_03,all_off,0.09043786881046748,0.09043786881046748,0.0,0.0
1042,pca_gamma_test_03,all_on,0.11257623973947682,0.09043786881046748,0.022138370929009346,0.022138370929009346
1042,pca_gamma_test_03,anti_oracle,0.11257624977311834,0.09043786881046748,0.02213838096265086,0.02213838096265086
1042,pca_gamma_test_03,data_only,0.09043786881046748,0.09043786881046748,0.0,0.0
1042,pca_gamma_test_03,inverse_residual,0.10934437721420878,0.09043786881046748,0.018906508403741307,0.018906508403741307
1042,pca_gamma_test_03,oracle,0.09043786881046748,0.09043786881046748,0.0,0.0
1042,pca_gamma_test_03,priorcred,0.11249777663728937,0.09043786881046748,0.022059907826821892,0.022059907826821892
1042,pca_gamma_test_03,random_credibility,0.10941002756302319,0.09043786881046748,0.018972158752555715,0.018972158752555715
1042,pca_gamma_test_03,validation_selected_scalar,0.09043786881046748,0.09043786881046748,0.0,0.0
1042,pca_gamma_test_04,all_off,0.1890080449305528,0.1890080449305528,0.0,0.0
1042,pca_gamma_test_04,all_on,0.18512257440135776,0.1890080449305528,-0.003885470529195023,0.0
1042,pca_gamma_test_04,anti_oracle,0.2407982786211277,0.1890080449305528,0.05179023369057492,0.05179023369057492
1042,pca_gamma_test_04,data_only,0.1890080449305528,0.1890080449305528,0.0,0.0
1042,pca_gamma_test_04,inverse_residual,0.19088573741213616,0.1890080449305528,0.0018776924815833707,0.0018776924815833707
1042,pca_gamma_test_04,oracle,0.16570419245741655,0.1890080449305528,-0.02330385247313624,0.0
1042,pca_gamma_test_04,priorcred,0.1826832257693268,0.1890080449305528,-0.006324819161225986,0.0
1042,pca_gamma_test_04,random_credibility,0.1856414028551082,0.1890080449305528,-0.003366642075444598,0.0
1042,pca_gamma_test_04,validation_selected_scalar,0.1890080449305528,0.1890080449305528,0.0,0.0
1042,pca_linear_test_01,all_off,0.22380751992733128,0.22380751992733128,0.0,0.0
1042,pca_linear_test_01,all_on,0.19654692321656536,0.22380751992733128,-0.027260596710765916,0.0
1042,pca_linear_test_01,anti_oracle,0.2533347470156025,0.22380751992733128,0.029527227088271213,0.029527227088271213
1042,pca_linear_test_01,data_only,0.22380751992733128,0.22380751992733128,0.0,0.0
1042,pca_linear_test_01,inverse_residual,0.19799174762119218,0.22380751992733128,-0.0258157723061391,0.0
1042,pca_linear_test_01,oracle,0.16018942165004083,0.22380751992733128,-0.06361809827729045,0.0
1042,pca_linear_test_01,priorcred,0.21430125468972835,0.22380751992733128,-0.009506265237602923,0.0
1042,pca_linear_test_01,random_credibility,0.19928979216026588,0.22380751992733128,-0.0245177277670654,0.0
1042,pca_linear_test_01,validation_selected_scalar,0.22380751992733128,0.22380751992733128,0.0,0.0
1042,pca_linear_test_02,all_off,0.11073429756357493,0.11073429756357493,0.0,0.0
1042,pca_linear_test_02,all_on,0.11144157333543875,0.11073429756357493,0.0007072757718638162,0.0007072757718638162
1042,pca_linear_test_02,anti_oracle,0.164228214988633,0.11073429756357493,0.05349391742505806,0.05349391742505806
1042,pca_linear_test_02,data_only,0.11073429756357493,0.11073429756357493,0.0,0.0
1042,pca_linear_test_02,inverse_residual,0.11450092645837823,0.11073429756357493,0.003766628894803295,0.003766628894803295
1042,pca_linear_test_02,oracle,0.09275896640297163,0.11073429756357493,-0.017975331160603306,0.0
1042,pca_linear_test_02,priorcred,0.10878731829909331,0.11073429756357493,-0.0019469792644816186,0.0
1042,pca_linear_test_02,random_credibility,0.1135191835422949,0.11073429756357493,0.002784885978719967,0.002784885978719967
1042,pca_linear_test_02,validation_selected_scalar,0.11073429756357493,0.11073429756357493,0.0,0.0
1042,pca_linear_test_03,all_off,0.2849223020448976,0.2849223020448976,0.0,0.0
1042,pca_linear_test_03,all_on,0.2660217113833441,0.2849223020448976,-0.01890059066155353,0.0
1042,pca_linear_test_03,anti_oracle,0.3086507883086306,0.2849223020448976,0.023728486263732973,0.023728486263732973
1042,pca_linear_test_03,data_only,0.2849223020448976,0.2849223020448976,0.0,0.0
1042,pca_linear_test_03,inverse_residual,0.27207089477333646,0.2849223020448976,-0.012851407271561144,0.0
1042,pca_linear_test_03,oracle,0.2365851737100846,0.2849223020448976,-0.04833712833481299,0.0
1042,pca_linear_test_03,priorcred,0.26379594331818174,0.2849223020448976,-0.021126358726715866,0.0
1042,pca_linear_test_03,random_credibility,0.2612846911863222,0.2849223020448976,-0.02363761085857541,0.0
1042,pca_linear_test_03,validation_selected_scalar,0.2849223020448976,0.2849223020448976,0.0,0.0
1042,pca_linear_test_04,all_off,0.1262364325702651,0.1262364325702651,0.0,0.0
1042,pca_linear_test_04,all_on,0.12693617891951128,0.1262364325702651,0.0006997463492461886,0.0006997463492461886
1042,pca_linear_test_04,anti_oracle,0.17747539858460804,0.1262364325702651,0.05123896601434294,0.05123896601434294
1042,pca_linear_test_04,data_only,0.1262364325702651,0.1262364325702651,0.0,0.0
1042,pca_linear_test_04,inverse_residual,0.12940075426519354,0.1262364325702651,0.003164321694928446,0.003164321694928446
1042,pca_linear_test_04,oracle,0.1005813337020077,0.1262364325702651,-0.025655098868257398,0.0
1042,pca_linear_test_04,priorcred,0.12540894069095188,0.1262364325702651,-0.0008274918793132191,0.0
1042,pca_linear_test_04,random_credibility,0.12760124719551,0.1262364325702651,0.0013648146252449034,0.0013648146252449034
1042,pca_linear_test_04,validation_selected_scalar,0.1262364325702651,0.1262364325702651,0.0,0.0
1042,pca_progressive_test_01,all_off,0.16249010663393904,0.16249010663393904,0.0,0.0
1042,pca_progressive_test_01,all_on,0.16936565545574594,0.16249010663393904,0.006875548821806909,0.006875548821806909
1042,pca_progressive_test_01,anti_oracle,0.22311597712059814,0.16249010663393904,0.0606258704866591,0.0606258704866591
1042,pca_progressive_test_01,data_only,0.16249010663393904,0.16249010663393904,0.0,0.0
1042,pca_progressive_test_01,inverse_residual,0.16571482618492217,0.16249010663393904,0.003224719550983135,0.003224719550983135
1042,pca_progressive_test_01,oracle,0.12774800936446337,0.16249010663393904,-0.034742097269475664,0.0
1042,pca_progressive_test_01,priorcred,0.1258822087797149,0.16249010663393904,-0.036607897854224136,0.0
1042,pca_progressive_test_01,random_credibility,0.16832116174213294,0.16249010663393904,0.0058310551081939,0.0058310551081939
1042,pca_progressive_test_01,validation_selected_scalar,0.16249010663393904,0.16249010663393904,0.0,0.0
1042,pca_progressive_test_02,all_off,0.1612604290610002,0.1612604290610002,0.0,0.0
1042,pca_progressive_test_02,all_on,0.16060784067658565,0.1612604290610002,-0.0006525883844145375,0.0
1042,pca_progressive_test_02,anti_oracle,0.22158725048278743,0.1612604290610002,0.06032682142178725,0.06032682142178725
1042,pca_progressive_test_02,data_only,0.1612604290610002,0.1612604290610002,0.0,0.0
1042,pca_progressive_test_02,inverse_residual,0.1652610168471402,0.1612604290610002,0.004000587786140014,0.004000587786140014
1042,pca_progressive_test_02,oracle,0.13920990416199958,0.1612604290610002,-0.022050524899000612,0.0
1042,pca_progressive_test_02,priorcred,0.15893639799604778,0.1612604290610002,-0.0023240310649524087,0.0
1042,pca_progressive_test_02,random_credibility,0.16347107704213437,0.1612604290610002,0.002210647981134184,0.002210647981134184
1042,pca_progressive_test_02,validation_selected_scalar,0.1612604290610002,0.1612604290610002,0.0,0.0
1042,pca_progressive_test_03,all_off,0.11228170393914802,0.11228170393914802,0.0,0.0
1042,pca_progressive_test_03,all_on,0.11330807224373086,0.11228170393914802,0.0010263683045828448,0.0010263683045828448
1042,pca_progressive_test_03,anti_oracle,0.1344878848966958,0.11228170393914802,0.022206180957547783,0.022206180957547783
1042,pca_progressive_test_03,data_only,0.11228170393914802,0.11228170393914802,0.0,0.0
1042,pca_progressive_test_03,inverse_residual,0.11468381130011084,0.11228170393914802,0.0024021073609628157,0.0024021073609628157
1042,pca_progressive_test_03,oracle,0.10286352871379564,0.11228170393914802,-0.009418175225352377,0.0
1042,pca_progressive_test_03,priorcred,0.11260653267000457,0.11228170393914802,0.00032482873085655506,0.00032482873085655506
1042,pca_progressive_test_03,random_credibility,0.11383556534500408,0.11228170393914802,0.0015538614058560607,0.0015538614058560607
1042,pca_progressive_test_03,validation_selected_scalar,0.11228170393914802,0.11228170393914802,0.0,0.0
1042,pca_progressive_test_04,all_off,0.2108222458422203,0.2108222458422203,0.0,0.0
1042,pca_progressive_test_04,all_on,0.20118831289536085,0.2108222458422203,-0.009633932946859464,0.0
1042,pca_progressive_test_04,anti_oracle,0.2512178262637125,0.2108222458422203,0.04039558042149216,0.04039558042149216
1042,pca_progressive_test_04,data_only,0.2108222458422203,0.2108222458422203,0.0,0.0
1042,pca_progressive_test_04,inverse_residual,0.20476452181966043,0.2108222458422203,-0.006057724022559885,0.0
1042,pca_progressive_test_04,oracle,0.19084458015521172,0.2108222458422203,-0.019977665687008594,0.0
1042,pca_progressive_test_04,priorcred,0.1997497640180054,0.2108222458422203,-0.011072481824214914,0.0
1042,pca_progressive_test_04,random_credibility,0.20089361191031563,0.2108222458422203,-0.009928633931904685,0.0
1042,pca_progressive_test_04,validation_selected_scalar,0.2108222458422203,0.2108222458422203,0.0,0.0
1042,pca_step_test_01,all_off,0.16236150077803124,0.16236150077803124,0.0,0.0
1042,pca_step_test_01,all_on,0.15117087407820992,0.16236150077803124,-0.011190626699821321,0.0
1042,pca_step_test_01,anti_oracle,0.22415394911134706,0.16236150077803124,0.06179244833331582,0.06179244833331582
1042,pca_step_test_01,data_only,0.16236150077803124,0.16236150077803124,0.0,0.0
1042,pca_step_test_01,inverse_residual,0.15323895957332043,0.16236150077803124,-0.009122541204710816,0.0
1042,pca_step_test_01,oracle,0.13808274614015004,0.16236150077803124,-0.024278754637881206,0.0
1042,pca_step_test_01,priorcred,0.1382613553265648,0.16236150077803124,-0.024100145451466437,0.0
1042,pca_step_test_01,random_credibility,0.1530275032333922,0.16236150077803124,-0.009333997544639039,0.0
1042,pca_step_test_01,validation_selected_scalar,0.16236150077803124,0.16236150077803124,0.0,0.0
1042,pca_step_test_02,all_off,0.2576567822145783,0.2576567822145783,0.0,0.0
1042,pca_step_test_02,all_on,0.25023943206385074,0.2576567822145783,-0.007417350150727531,0.0
1042,pca_step_test_02,anti_oracle,0.3103634235663481,0.2576567822145783,0.052706641351769834,0.052706641351769834
1042,pca_step_test_02,data_only,0.2576567822145783,0.2576567822145783,0.0,0.0
1042,pca_step_test_02,inverse_residual,0.25582556860739825,0.2576567822145783,-0.0018312136071800267,0.0
1042,pca_step_test_02,oracle,0.2250424052038412,0.2576567822145783,-0.03261437701073708,0.0
1042,pca_step_test_02,priorcred,0.24688256044754037,0.2576567822145783,-0.010774221767037906,0.0
1042,pca_step_test_02,random_credibility,0.2516419497029369,0.2576567822145783,-0.006014832511641366,0.0
1042,pca_step_test_02,validation_selected_scalar,0.2576567822145783,0.2576567822145783,0.0,0.0
1042,pca_step_test_03,all_off,0.20844850734155707,0.20844850734155707,0.0,0.0
1042,pca_step_test_03,all_on,0.19881036758282675,0.20844850734155707,-0.009638139758730319,0.0
1042,pca_step_test_03,anti_oracle,0.2376804027411564,0.20844850734155707,0.029231895399599334,0.029231895399599334
1042,pca_step_test_03,data_only,0.20844850734155707,0.20844850734155707,0.0,0.0
1042,pca_step_test_03,inverse_residual,0.1989496153035501,0.20844850734155707,-0.009498892038006967,0.0
1042,pca_step_test_03,oracle,0.18977657072874082,0.20844850734155707,-0.018671936612816242,0.0
1042,pca_step_test_03,priorcred,0.1873159469014169,0.20844850734155707,-0.02113256044014017,0.0
1042,pca_step_test_03,random_credibility,0.19883223281995238,0.20844850734155707,-0.009616274521604684,0.0
1042,pca_step_test_03,validation_selected_scalar,0.20844850734155707,0.20844850734155707,0.0,0.0
1042,pca_step_test_04,all_off,0.24556390201239084,0.24556390201239084,0.0,0.0
1042,pca_step_test_04,all_on,0.24603998773543562,0.24556390201239084,0.0004760857230447779,0.0004760857230447779
1042,pca_step_test_04,anti_oracle,0.290035788950415,0.24556390201239084,0.04447188693802415,0.04447188693802415
1042,pca_step_test_04,data_only,0.24556390201239084,0.24556390201239084,0.0,0.0
1042,pca_step_test_04,inverse_residual,0.24921636322332077,0.24556390201239084,0.003652461210929936,0.003652461210929936
1042,pca_step_test_04,oracle,0.22928732159469442,0.24556390201239084,-0.016276580417696418,0.0
1042,pca_step_test_04,priorcred,0.23921912301584025,0.24556390201239084,-0.006344778996550587,0.0
1042,pca_step_test_04,random_credibility,0.24762186989045898,0.24556390201239084,0.00205796787806814,0.00205796787806814
1042,pca_step_test_04,validation_selected_scalar,0.24556390201239084,0.24556390201239084,0.0,0.0
2042,pca_gamma_test_01,all_off,0.0407339577366267,0.0407339577366267,0.0,0.0
2042,pca_gamma_test_01,all_on,0.06255666148362903,0.0407339577366267,0.021822703747002327,0.021822703747002327
2042,pca_gamma_test_01,anti_oracle,0.06255666010989422,0.0407339577366267,0.02182270237326752,0.02182270237326752
2042,pca_gamma_test_01,data_only,0.0407339577366267,0.0407339577366267,0.0,0.0
2042,pca_gamma_test_01,inverse_residual,0.056995468865361235,0.0407339577366267,0.016261511128734536,0.016261511128734536
2042,pca_gamma_test_01,oracle,0.0407339577366267,0.0407339577366267,0.0,0.0
2042,pca_gamma_test_01,priorcred,0.06643228075635993,0.0407339577366267,0.02569832301973323,0.02569832301973323
2042,pca_gamma_test_01,random_credibility,0.06451900065022738,0.0407339577366267,0.02378504291360068,0.02378504291360068
2042,pca_gamma_test_01,validation_selected_scalar,0.0407339577366267,0.0407339577366267,0.0,0.0
2042,pca_gamma_test_02,all_off,0.07980956880772187,0.07980956880772187,0.0,0.0
2042,pca_gamma_test_02,all_on,0.08884801091254049,0.07980956880772187,0.00903844210481862,0.00903844210481862
2042,pca_gamma_test_02,anti_oracle,0.10841212251473469,0.07980956880772187,0.028602553707012812,0.028602553707012812
2042,pca_gamma_test_02,data_only,0.07980956880772187,0.07980956880772187,0.0,0.0
2042,pca_gamma_test_02,inverse_residual,0.08928242240375886,0.07980956880772187,0.009472853596036987,0.009472853596036987
2042,pca_gamma_test_02,oracle,0.07343692770445097,0.07980956880772187,-0.006372641103270904,0.0
2042,pca_gamma_test_02,priorcred,0.09277788186990439,0.07980956880772187,0.012968313062182518,0.012968313062182518
2042,pca_gamma_test_02,random_credibility,0.0879802220584984,0.07980956880772187,0.008170653250776524,0.008170653250776524
2042,pca_gamma_test_02,validation_selected_scalar,0.07980956880772187,0.07980956880772187,0.0,0.0
2042,pca_gamma_test_03,all_off,0.08977970881922129,0.08977970881922129,0.0,0.0
2042,pca_gamma_test_03,all_on,0.11237900315831961,0.08977970881922129,0.022599294339098325,0.022599294339098325
2042,pca_gamma_test_03,anti_oracle,0.11237900200433038,0.08977970881922129,0.022599293185109087,0.022599293185109087
2042,pca_gamma_test_03,data_only,0.08977970881922129,0.08977970881922129,0.0,0.0
2042,pca_gamma_test_03,inverse_residual,0.10834145416251877,0.08977970881922129,0.01856174534329748,0.01856174534329748
2042,pca_gamma_test_03,oracle,0.08977970881922129,0.08977970881922129,0.0,0.0
2042,pca_gamma_test_03,priorcred,0.11273484718820422,0.08977970881922129,0.022955138368982927,0.022955138368982927
2042,pca_gamma_test_03,random_credibility,0.10699982390145332,0.08977970881922129,0.017220115082232035,0.017220115082232035
2042,pca_gamma_test_03,validation_selected_scalar,0.08977970881922129,0.08977970881922129,0.0,0.0
2042,pca_gamma_test_04,all_off,0.18169402336563872,0.18169402336563872,0.0,0.0
2042,pca_gamma_test_04,all_on,0.18108473093449068,0.18169402336563872,-0.0006092924311480452,0.0
2042,pca_gamma_test_04,anti_oracle,0.24535359096360973,0.18169402336563872,0.063659567597971,0.063659567597971
2042,pca_gamma_test_04,data_only,0.18169402336563872,0.18169402336563872,0.0,0.0
2042,pca_gamma_test_04,inverse_residual,0.18788555819148678,0.18169402336563872,0.006191534825848055,0.006191534825848055
2042,pca_gamma_test_04,oracle,0.1613482472942958,0.18169402336563872,-0.020345776071342914,0.0
2042,pca_gamma_test_04,priorcred,0.16152032327242763,0.18169402336563872,-0.020173700093211094,0.0
2042,pca_gamma_test_04,random_credibility,0.17957421160744405,0.18169402336563872,-0.002119811758194673,0.0
2042,pca_gamma_test_04,validation_selected_scalar,0.18169402336563872,0.18169402336563872,0.0,0.0
2042,pca_linear_test_01,all_off,0.2355420018450127,0.2355420018450127,0.0,0.0
2042,pca_linear_test_01,all_on,0.20898299410629628,0.2355420018450127,-0.026559007738716417,0.0
2042,pca_linear_test_01,anti_oracle,0.26330398190273024,0.2355420018450127,0.027761980057717545,0.027761980057717545
2042,pca_linear_test_01,data_only,0.2355420018450127,0.2355420018450127,0.0,0.0
2042,pca_linear_test_01,inverse_residual,0.21035475529963651,0.2355420018450127,-0.025187246545376185,0.0
2042,pca_linear_test_01,oracle,0.17464039441676574,0.2355420018450127,-0.06090160742824696,0.0
2042,pca_linear_test_01,priorcred,0.2127336851435818,0.2355420018450127,-0.02280831670143091,0.0
2042,pca_linear_test_01,random_credibility,0.21238250111333495,0.2355420018450127,-0.023159500731677746,0.0
2042,pca_linear_test_01,validation_selected_scalar,0.2355420018450127,0.2355420018450127,0.0,0.0
2042,pca_linear_test_02,all_off,0.1290809485328019,0.1290809485328019,0.0,0.0
2042,pca_linear_test_02,all_on,0.11788834920640742,0.1290809485328019,-0.011192599326394465,0.0
2042,pca_linear_test_02,anti_oracle,0.18697357217784627,0.1290809485328019,0.05789262364504438,0.05789262364504438
2042,pca_linear_test_02,data_only,0.1290809485328019,0.1290809485328019,0.0,0.0
2042,pca_linear_test_02,inverse_residual,0.12338190882326244,0.1290809485328019,-0.005699039709539444,0.0
2042,pca_linear_test_02,oracle,0.0883269261381617,0.1290809485328019,-0.04075402239464018,0.0
2042,pca_linear_test_02,priorcred,0.09954629067472101,0.1290809485328019,-0.029534657858080876,0.0
2042,pca_linear_test_02,random_credibility,0.11930303557352347,0.1290809485328019,-0.00977791295927842,0.0
2042,pca_linear_test_02,validation_selected_scalar,0.1290809485328019,0.1290809485328019,0.0,0.0
2042,pca_linear_test_03,all_off,0.2682342220038875,0.2682342220038875,0.0,0.0
2042,pca_linear_test_03,all_on,0.24856736541365798,0.2682342220038875,-0.019666856590229542,0.0
2042,pca_linear_test_03,anti_oracle,0.2906665220919012,0.2682342220038875,0.022432300088013668,0.022432300088013668
2042,pca_linear_test_03,data_only,0.2682342220038875,0.2682342220038875,0.0,0.0
2042,pca_linear_test_03,inverse_residual,0.2546470079047849,0.2682342220038875,-0.013587214099102629,0.0
2042,pca_linear_test_03,oracle,0.21965376947654128,0.2682342220038875,-0.048580452527346246,0.0
2042,pca_linear_test_03,priorcred,0.24225409960259048,0.2682342220038875,-0.025980122401297046,0.0
2042,pca_linear_test_03,random_credibility,0.2504135922971919,0.2682342220038875,-0.017820629706695623,0.0
2042,pca_linear_test_03,validation_selected_scalar,0.2682342220038875,0.2682342220038875,0.0,0.0
2042,pca_linear_test_04,all_off,0.13332094768054303,0.13332094768054303,0.0,0.0
2042,pca_linear_test_04,all_on,0.1305594516326741,0.13332094768054303,-0.002761496047868933,0.0
2042,pca_linear_test_04,anti_oracle,0.19337048848316823,0.13332094768054303,0.0600495408026252,0.0600495408026252
2042,pca_linear_test_04,data_only,0.13332094768054303,0.13332094768054303,0.0,0.0
2042,pca_linear_test_04,inverse_residual,0.1338098128712441,0.13332094768054303,0.000488865190701071,0.000488865190701071
2042,pca_linear_test_04,oracle,0.09674715137228883,0.13332094768054303,-0.036573796308254206,0.0
2042,pca_linear_test_04,priorcred,0.12962546023596708,0.13332094768054303,-0.0036954874445759567,0.0
2042,pca_linear_test_04,random_credibility,0.1318082359667352,0.13332094768054303,-0.001512711713807846,0.0
2042,pca_linear_test_04,validation_selected_scalar,0.13332094768054303,0.13332094768054303,0.0,0.0
2042,pca_progressive_test_01,all_off,0.1410227081051099,0.1410227081051099,0.0,0.0
2042,pca_progressive_test_01,all_on,0.1464143128652102,0.1410227081051099,0.00539160476010031,0.00539160476010031
2042,pca_progressive_test_01,anti_oracle,0.20935435802921246,0.1410227081051099,0.06833164992410257,0.06833164992410257
2042,pca_progressive_test_01,data_only,0.1410227081051099,0.1410227081051099,0.0,0.0
2042,pca_progressive_test_01,inverse_residual,0.14071521192409076,0.1410227081051099,-0.00030749618101913456,0.0
2042,pca_progressive_test_01,oracle,0.09510512918535395,0.1410227081051099,-0.04591757891975594,0.0
2042,pca_progressive_test_01,priorcred,0.13056049023554858,0.1410227081051099,-0.010462217869561308,0.0
2042,pca_progressive_test_01,random_credibility,0.1455728125531214,0.1410227081051099,0.004550104448011516,0.004550104448011516
2042,pca_progressive_test_01,validation_selected_scalar,0.1410227081051099,0.1410227081051099,0.0,0.0
2042,pca_progressive_test_02,all_off,0.1497010195364123,0.1497010195364123,0.0,0.0
2042,pca_progressive_test_02,all_on,0.15460736390806723,0.1497010195364123,0.004906344371654936,0.004906344371654936
2042,pca_progressive_test_02,anti_oracle,0.21805201932849225,0.1497010195364123,0.06835099979207995,0.06835099979207995
2042,pca_progressive_test_02,data_only,0.1497010195364123,0.1497010195364123,0.0,0.0
2042,pca_progressive_test_02,inverse_residual,0.1601824812312015,0.1497010195364123,0.010481461694789196,0.010481461694789196
2042,pca_progressive_test_02,oracle,0.12246997967548823,0.1497010195364123,-0.027231039860924067,0.0
2042,pca_progressive_test_02,priorcred,0.14804408081465495,0.1497010195364123,-0.001656938721757345,0.0
2042,pca_progressive_test_02,random_credibility,0.15495018096951618,0.1497010195364123,0.005249161433103888,0.005249161433103888
2042,pca_progressive_test_02,validation_selected_scalar,0.1497010195364123,0.1497010195364123,0.0,0.0
2042,pca_progressive_test_03,all_off,0.10904552737762332,0.10904552737762332,0.0,0.0
2042,pca_progressive_test_03,all_on,0.11942265829438349,0.10904552737762332,0.010377130916760166,0.010377130916760166
2042,pca_progressive_test_03,anti_oracle,0.13723729186596675,0.10904552737762332,0.02819176448834343,0.02819176448834343
2042,pca_progressive_test_03,data_only,0.10904552737762332,0.10904552737762332,0.0,0.0
2042,pca_progressive_test_03,inverse_residual,0.12108145901689744,0.10904552737762332,0.01203593163927412,0.01203593163927412
2042,pca_progressive_test_03,oracle,0.10380331639110256,0.10904552737762332,-0.005242210986520765,0.0
2042,pca_progressive_test_03,priorcred,0.11578516455552708,0.10904552737762332,0.006739637177903754,0.006739637177903754
2042,pca_progressive_test_03,random_credibility,0.11990607286360316,0.10904552737762332,0.010860545485979839,0.010860545485979839
2042,pca_progressive_test_03,validation_selected_scalar,0.10904552737762332,0.10904552737762332,0.0,0.0
2042,pca_progressive_test_04,all_off,0.20778658332966624,0.20778658332966624,0.0,0.0
2042,pca_progressive_test_04,all_on,0.20451206312673337,0.20778658332966624,-0.003274520202932868,0.0
2042,pca_progressive_test_04,anti_oracle,0.2534648768484851,0.20778658332966624,0.045678293518818885,0.045678293518818885
2042,pca_progressive_test_04,data_only,0.20778658332966624,0.20778658332966624,0.0,0.0
2042,pca_progressive_test_04,inverse_residual,0.20818391285081023,0.20778658332966624,0.0003973295211439909,0.0003973295211439909
2042,pca_progressive_test_04,oracle,0.1953901012180756,0.20778658332966624,-0.01239648211159064,0.0
2042,pca_progressive_test_04,priorcred,0.19701205673327501,0.20778658332966624,-0.01077452659639122,0.0
2042,pca_progressive_test_04,random_credibility,0.20506241419643997,0.20778658332966624,-0.002724169133226262,0.0
2042,pca_progressive_test_04,validation_selected_scalar,0.20778658332966624,0.20778658332966624,0.0,0.0
2042,pca_step_test_01,all_off,0.15995490195760428,0.15995490195760428,0.0,0.0
2042,pca_step_test_01,all_on,0.13668132018213264,0.15995490195760428,-0.023273581775471647,0.0
2042,pca_step_test_01,anti_oracle,0.20942152051473803,0.15995490195760428,0.049466618557133746,0.049466618557133746
2042,pca_step_test_01,data_only,0.15995490195760428,0.15995490195760428,0.0,0.0
2042,pca_step_test_01,inverse_residual,0.1397472435358085,0.15995490195760428,-0.020207658421795782,0.0
2042,pca_step_test_01,oracle,0.1153033805029764,0.15995490195760428,-0.04465152145462789,0.0
2042,pca_step_test_01,priorcred,0.12118033311274622,0.15995490195760428,-0.03877456884485807,0.0
2042,pca_step_test_01,random_credibility,0.13806588677792447,0.15995490195760428,-0.02188901517967981,0.0
2042,pca_step_test_01,validation_selected_scalar,0.15995490195760428,0.15995490195760428,0.0,0.0
2042,pca_step_test_02,all_off,0.2563413360619762,0.2563413360619762,0.0,0.0
2042,pca_step_test_02,all_on,0.24501986177144316,0.2563413360619762,-0.011321474290533012,0.0
2042,pca_step_test_02,anti_oracle,0.31736985257082756,0.2563413360619762,0.06102851650885138,0.06102851650885138
2042,pca_step_test_02,data_only,0.2563413360619762,0.2563413360619762,0.0,0.0
2042,pca_step_test_02,inverse_residual,0.2514555405925171,0.2563413360619762,-0.004885795469459053,0.0
2042,pca_step_test_02,oracle,0.21408299608076867,0.2563413360619762,-0.04225833998120751,0.0
2042,pca_step_test_02,priorcred,0.2357881384393805,0.2563413360619762,-0.020553197622595665,0.0
2042,pca_step_test_02,random_credibility,0.24806636615588887,0.2563413360619762,-0.00827496990608731,0.0
2042,pca_step_test_02,validation_selected_scalar,0.2563413360619762,0.2563413360619762,0.0,0.0
2042,pca_step_test_03,all_off,0.20352296182908644,0.20352296182908644,0.0,0.0
2042,pca_step_test_03,all_on,0.19183568144930202,0.20352296182908644,-0.01168728037978442,0.0
2042,pca_step_test_03,anti_oracle,0.2351951378122046,0.20352296182908644,0.03167217598311817,0.03167217598311817
2042,pca_step_test_03,data_only,0.20352296182908644,0.20352296182908644,0.0,0.0
2042,pca_step_test_03,inverse_residual,0.19186843626973382,0.20352296182908644,-0.011654525559352619,0.0
2042,pca_step_test_03,oracle,0.17923197847037523,0.20352296182908644,-0.024290983358711216,0.0
2042,pca_step_test_03,priorcred,0.18113899187241866,0.20352296182908644,-0.022383969956667776,0.0
2042,pca_step_test_03,random_credibility,0.1933881343705289,0.20352296182908644,-0.010134827458557538,0.0
2042,pca_step_test_03,validation_selected_scalar,0.20352296182908644,0.20352296182908644,0.0,0.0
2042,pca_step_test_04,all_off,0.227455326118602,0.227455326118602,0.0,0.0
2042,pca_step_test_04,all_on,0.2248253336780271,0.227455326118602,-0.0026299924405749076,0.0
2042,pca_step_test_04,anti_oracle,0.2642427089411552,0.227455326118602,0.0367873828225532,0.0367873828225532
2042,pca_step_test_04,data_only,0.227455326118602,0.227455326118602,0.0,0.0
2042,pca_step_test_04,inverse_residual,0.22729261517663962,0.227455326118602,-0.00016271094196237956,0.0
2042,pca_step_test_04,oracle,0.21237746291766074,0.227455326118602,-0.01507786320094126,0.0
2042,pca_step_test_04,priorcred,0.21626179277156615,0.227455326118602,-0.01119353334703585,0.0
2042,pca_step_test_04,random_credibility,0.22435382643861126,0.227455326118602,-0.003101499679990738,0.0
2042,pca_step_test_04,validation_selected_scalar,0.227455326118602,0.227455326118602,0.0,0.0
3042,pca_gamma_test_01,all_off,0.059868302181777903,0.059868302181777903,0.0,0.0
3042,pca_gamma_test_01,all_on,0.06675268415080389,0.059868302181777903,0.006884381969025986,0.006884381969025986
3042,pca_gamma_test_01,anti_oracle,0.06674914243679336,0.059868302181777903,0.006880840255015459,0.006880840255015459
3042,pca_gamma_test_01,data_only,0.059868302181777903,0.059868302181777903,0.0,0.0
3042,pca_gamma_test_01,inverse_residual,0.06028201972570836,0.059868302181777903,0.0004137175439304572,0.0004137175439304572
3042,pca_gamma_test_01,oracle,0.06695857450812918,0.059868302181777903,0.007090272326351281,0.007090272326351281
3042,pca_gamma_test_01,priorcred,0.06561978126622008,0.059868302181777903,0.005751479084442172,0.005751479084442172
3042,pca_gamma_test_01,random_credibility,0.0675155206551454,0.059868302181777903,0.007647218473367502,0.007647218473367502
3042,pca_gamma_test_01,validation_selected_scalar,0.059868302181777903,0.059868302181777903,0.0,0.0
3042,pca_gamma_test_02,all_off,0.1232216267404372,0.1232216267404372,0.0,0.0
3042,pca_gamma_test_02,all_on,0.11231803409433956,0.1232216267404372,-0.010903592646097637,0.0
3042,pca_gamma_test_02,anti_oracle,0.15644493364341286,0.1232216267404372,0.03322330690297566,0.03322330690297566
3042,pca_gamma_test_02,data_only,0.1232216267404372,0.1232216267404372,0.0,0.0
3042,pca_gamma_test_02,inverse_residual,0.11376576790603422,0.1232216267404372,-0.009455858834402975,0.0
3042,pca_gamma_test_02,oracle,0.1001189425645092,0.1232216267404372,-0.023102684175927993,0.0
3042,pca_gamma_test_02,priorcred,0.15621694389840568,0.1232216267404372,0.03299531715796848,0.03299531715796848
3042,pca_gamma_test_02,random_credibility,0.11320355401467955,0.1232216267404372,-0.010018072725757651,0.0
3042,pca_gamma_test_02,validation_selected_scalar,0.1232216267404372,0.1232216267404372,0.0,0.0
3042,pca_gamma_test_03,all_off,0.1006863623875942,0.1006863623875942,0.0,0.0
3042,pca_gamma_test_03,all_on,0.1154037594718078,0.1006863623875942,0.014717397084213601,0.014717397084213601
3042,pca_gamma_test_03,anti_oracle,0.11540374690639979,0.1006863623875942,0.014717384518805596,0.014717384518805596
3042,pca_gamma_test_03,data_only,0.1006863623875942,0.1006863623875942,0.0,0.0
3042,pca_gamma_test_03,inverse_residual,0.111100163072191,0.1006863623875942,0.01041380068459681,0.01041380068459681
3042,pca_gamma_test_03,oracle,0.1006863623875942,0.1006863623875942,0.0,0.0
3042,pca_gamma_test_03,priorcred,0.10903079721362359,0.1006863623875942,0.008344434826029395,0.008344434826029395
3042,pca_gamma_test_03,random_credibility,0.11459032111886323,0.1006863623875942,0.01390395873126904,0.01390395873126904
3042,pca_gamma_test_03,validation_selected_scalar,0.1006863623875942,0.1006863623875942,0.0,0.0
3042,pca_gamma_test_04,all_off,0.203304749325556,0.203304749325556,0.0,0.0
3042,pca_gamma_test_04,all_on,0.20063448583103793,0.203304749325556,-0.0026702634945180714,0.0
3042,pca_gamma_test_04,anti_oracle,0.2542649512989821,0.203304749325556,0.05096020197342607,0.05096020197342607
3042,pca_gamma_test_04,data_only,0.203304749325556,0.203304749325556,0.0,0.0
3042,pca_gamma_test_04,inverse_residual,0.20630736031167005,0.203304749325556,0.0030026109861140404,0.0030026109861140404
3042,pca_gamma_test_04,oracle,0.18208384384773277,0.203304749325556,-0.021220905477823238,0.0
3042,pca_gamma_test_04,priorcred,0.17538581699988284,0.203304749325556,-0.027918932325673163,0.0
3042,pca_gamma_test_04,random_credibility,0.20124413432284952,0.203304749325556,-0.0020606150027064896,0.0
3042,pca_gamma_test_04,validation_selected_scalar,0.203304749325556,0.203304749325556,0.0,0.0
3042,pca_linear_test_01,all_off,0.24062115848086552,0.24062115848086552,0.0,0.0
3042,pca_linear_test_01,all_on,0.21215865796818167,0.24062115848086552,-0.02846250051268384,0.0
3042,pca_linear_test_01,anti_oracle,0.26957519176209016,0.24062115848086552,0.028954033281224645,0.028954033281224645
3042,pca_linear_test_01,data_only,0.24062115848086552,0.24062115848086552,0.0,0.0
3042,pca_linear_test_01,inverse_residual,0.21369404938995043,0.24062115848086552,-0.026927109090915086,0.0
3042,pca_linear_test_01,oracle,0.17555083492139406,0.24062115848086552,-0.06507032355947145,0.0
3042,pca_linear_test_01,priorcred,0.20887657612941435,0.24062115848086552,-0.03174458235145117,0.0
3042,pca_linear_test_01,random_credibility,0.21037191338153413,0.24062115848086552,-0.030249245099331384,0.0
3042,pca_linear_test_01,validation_selected_scalar,0.24062115848086552,0.24062115848086552,0.0,0.0
3042,pca_linear_test_02,all_off,0.11988867782034655,0.11988867782034655,0.0,0.0
3042,pca_linear_test_02,all_on,0.10766780765293449,0.11988867782034655,-0.012220870167412065,0.0
3042,pca_linear_test_02,anti_oracle,0.16432265053498055,0.11988867782034655,0.04443397271463399,0.04443397271463399
3042,pca_linear_test_02,data_only,0.11988867782034655,0.11988867782034655,0.0,0.0
3042,pca_linear_test_02,inverse_residual,0.11085398281045139,0.11988867782034655,-0.009034695009895163,0.0
3042,pca_linear_test_02,oracle,0.0888203368016895,0.11988867782034655,-0.031068341018657047,0.0
3042,pca_linear_test_02,priorcred,0.09628498193903019,0.11988867782034655,-0.02360369588131636,0.0
3042,pca_linear_test_02,random_credibility,0.10860566937565728,0.11988867782034655,-0.011283008444689269,0.0
3042,pca_linear_test_02,validation_selected_scalar,0.11988867782034655,0.11988867782034655,0.0,0.0
3042,pca_linear_test_03,all_off,0.29405760706910905,0.29405760706910905,0.0,0.0
3042,pca_linear_test_03,all_on,0.2740101319094771,0.29405760706910905,-0.020047475159631956,0.0
3042,pca_linear_test_03,anti_oracle,0.31749018088178055,0.29405760706910905,0.023432573812671498,0.023432573812671498
3042,pca_linear_test_03,data_only,0.29405760706910905,0.29405760706910905,0.0,0.0
3042,pca_linear_test_03,inverse_residual,0.2795973053108808,0.29405760706910905,-0.014460301758228267,0.0
3042,pca_linear_test_03,oracle,0.2526426477684759,0.29405760706910905,-0.04141495930063316,0.0
3042,pca_linear_test_03,priorcred,0.26992896766689156,0.29405760706910905,-0.02412863940221749,0.0
3042,pca_linear_test_03,random_credibility,0.2735616689716586,0.29405760706910905,-0.020495938097450428,0.0
3042,pca_linear_test_03,validation_selected_scalar,0.29405760706910905,0.29405760706910905,0.0,0.0
3042,pca_linear_test_04,all_off,0.12502466682022909,0.12502466682022909,0.0,0.0
3042,pca_linear_test_04,all_on,0.12204715184928445,0.12502466682022909,-0.002977514970944631,0.0
3042,pca_linear_test_04,anti_oracle,0.16906190809911886,0.12502466682022909,0.04403724127888978,0.04403724127888978
3042,pca_linear_test_04,data_only,0.12502466682022909,0.12502466682022909,0.0,0.0
3042,pca_linear_test_04,inverse_residual,0.12410450256075913,0.12502466682022909,-0.0009201642594699605,0.0
3042,pca_linear_test_04,oracle,0.10344032401783095,0.12502466682022909,-0.02158434280239814,0.0
3042,pca_linear_test_04,priorcred,0.1198313453780748,0.12502466682022909,-0.005193321442154286,0.0
3042,pca_linear_test_04,random_credibility,0.12141340414782359,0.12502466682022909,-0.0036112626724054964,0.0
3042,pca_linear_test_04,validation_selected_scalar,0.12502466682022909,0.12502466682022909,0.0,0.0
3042,pca_progressive_test_01,all_off,0.15720310361777592,0.15720310361777592,0.0,0.0
3042,pca_progressive_test_01,all_on,0.1715245072843722,0.15720310361777592,0.014321403666596288,0.014321403666596288
3042,pca_progressive_test_01,anti_oracle,0.21772355165645857,0.15720310361777592,0.060520448038682645,0.060520448038682645
3042,pca_progressive_test_01,data_only,0.15720310361777592,0.15720310361777592,0.0,0.0
3042,pca_progressive_test_01,inverse_residual,0.1671501667935461,0.15720310361777592,0.009947063175770182,0.009947063175770182
3042,pca_progressive_test_01,oracle,0.12063003452265483,0.15720310361777592,-0.03657306909512109,0.0
3042,pca_progressive_test_01,priorcred,0.11414504899475343,0.15720310361777592,-0.04305805462302249,0.0
3042,pca_progressive_test_01,random_credibility,0.1705645061444353,0.15720310361777592,0.013361402526659377,0.013361402526659377
3042,pca_progressive_test_01,validation_selected_scalar,0.15720310361777592,0.15720310361777592,0.0,0.0
3042,pca_progressive_test_02,all_off,0.16576788498509473,0.16576788498509473,0.0,0.0
3042,pca_progressive_test_02,all_on,0.16933209051594092,0.16576788498509473,0.0035642055308461873,0.0035642055308461873
3042,pca_progressive_test_02,anti_oracle,0.2333559893220318,0.16576788498509473,0.06758810433693707,0.06758810433693707
3042,pca_progressive_test_02,data_only,0.16576788498509473,0.16576788498509473,0.0,0.0
3042,pca_progressive_test_02,inverse_residual,0.17428233034292262,0.16576788498509473,0.008514445357827888,0.008514445357827888
3042,pca_progressive_test_02,oracle,0.14687180450026885,0.16576788498509473,-0.018896080484825883,0.0
3042,pca_progressive_test_02,priorcred,0.1625648210990845,0.16576788498509473,-0.0032030638860102434,0.0
3042,pca_progressive_test_02,random_credibility,0.16989871868749806,0.16576788498509473,0.00413083370240333,0.00413083370240333
3042,pca_progressive_test_02,validation_selected_scalar,0.16576788498509473,0.16576788498509473,0.0,0.0
3042,pca_progressive_test_03,all_off,0.11893210057895966,0.11893210057895966,0.0,0.0
3042,pca_progressive_test_03,all_on,0.12579175293024525,0.11893210057895966,0.006859652351285592,0.006859652351285592
3042,pca_progressive_test_03,anti_oracle,0.14957053004301582,0.11893210057895966,0.030638429464056163,0.030638429464056163
3042,pca_progressive_test_03,data_only,0.11893210057895966,0.11893210057895966,0.0,0.0
3042,pca_progressive_test_03,inverse_residual,0.12760582313175922,0.11893210057895966,0.008673722552799565,0.008673722552799565
3042,pca_progressive_test_03,oracle,0.1124147519772223,0.11893210057895966,-0.0065173486017373605,0.0
3042,pca_progressive_test_03,priorcred,0.11751007703274083,0.11893210057895966,-0.0014220235462188285,0.0
3042,pca_progressive_test_03,random_credibility,0.12613834810925662,0.11893210057895966,0.007206247530296958,0.007206247530296958
3042,pca_progressive_test_03,validation_selected_scalar,0.11893210057895966,0.11893210057895966,0.0,0.0
3042,pca_progressive_test_04,all_off,0.2058284151805373,0.2058284151805373,0.0,0.0
3042,pca_progressive_test_04,all_on,0.20054088837102663,0.2058284151805373,-0.0052875268095106676,0.0
3042,pca_progressive_test_04,anti_oracle,0.24561810547091145,0.2058284151805373,0.03978969029037416,0.03978969029037416
3042,pca_progressive_test_04,data_only,0.2058284151805373,0.2058284151805373,0.0,0.0
3042,pca_progressive_test_04,inverse_residual,0.20389509265439812,0.2058284151805373,-0.001933322526139175,0.0
3042,pca_progressive_test_04,oracle,0.18516442581019538,0.2058284151805373,-0.020663989370341918,0.0
3042,pca_progressive_test_04,priorcred,0.1809232595888619,0.2058284151805373,-0.024905155591675388,0.0
3042,pca_progressive_test_04,random_credibility,0.20134526276808368,0.2058284151805373,-0.004483152412453617,0.0
3042,pca_progressive_test_04,validation_selected_scalar,0.2058284151805373,0.2058284151805373,0.0,0.0
3042,pca_step_test_01,all_off,0.16999646230938453,0.16999646230938453,0.0,0.0
3042,pca_step_test_01,all_on,0.16806647920706042,0.16999646230938453,-0.0019299831023241176,0.0
3042,pca_step_test_01,anti_oracle,0.2321843005516524,0.16999646230938453,0.06218783824226787,0.06218783824226787
3042,pca_step_test_01,data_only,0.16999646230938453,0.16999646230938453,0.0,0.0
3042,pca_step_test_01,inverse_residual,0.17073298432359313,0.16999646230938453,0.000736522014208596,0.000736522014208596
3042,pca_step_test_01,oracle,0.14760806967164322,0.16999646230938453,-0.02238839263774131,0.0
3042,pca_step_test_01,priorcred,0.15333023572185062,0.16999646230938453,-0.016666226587533917,0.0
3042,pca_step_test_01,random_credibility,0.16798642992179924,0.16999646230938453,-0.002010032387585292,0.0
3042,pca_step_test_01,validation_selected_scalar,0.16999646230938453,0.16999646230938453,0.0,0.0
3042,pca_step_test_02,all_off,0.24920644418951576,0.24920644418951576,0.0,0.0
3042,pca_step_test_02,all_on,0.25853815457475676,0.24920644418951576,0.009331710385240999,0.009331710385240999
3042,pca_step_test_02,anti_oracle,0.3048693796592471,0.24920644418951576,0.055662935469731334,0.055662935469731334
3042,pca_step_test_02,data_only,0.24920644418951576,0.24920644418951576,0.0,0.0
3042,pca_step_test_02,inverse_residual,0.2643231396669105,0.24920644418951576,0.015116695477394748,0.015116695477394748
3042,pca_step_test_02,oracle,0.22123004534723814,0.24920644418951576,-0.027976398842277622,0.0
3042,pca_step_test_02,priorcred,0.21557167893754592,0.24920644418951576,-0.033634765251969845,0.0
3042,pca_step_test_02,random_credibility,0.25755129806607685,0.24920644418951576,0.008344853876561087,0.008344853876561087
3042,pca_step_test_02,validation_selected_scalar,0.24920644418951576,0.24920644418951576,0.0,0.0
3042,pca_step_test_03,all_off,0.2086530945346358,0.2086530945346358,0.0,0.0
3042,pca_step_test_03,all_on,0.20677534483131174,0.2086530945346358,-0.0018777497033240498,0.0
3042,pca_step_test_03,anti_oracle,0.24391806677396421,0.2086530945346358,0.035264972239328424,0.035264972239328424
3042,pca_step_test_03,data_only,0.2086530945346358,0.2086530945346358,0.0,0.0
3042,pca_step_test_03,inverse_residual,0.2070606822137733,0.2086530945346358,-0.0015924123208624907,0.0
3042,pca_step_test_03,oracle,0.19337812509862184,0.2086530945346358,-0.015274969436013947,0.0
3042,pca_step_test_03,priorcred,0.19108613213953912,0.2086530945346358,-0.01756696239509667,0.0
3042,pca_step_test_03,random_credibility,0.20603688067793183,0.2086530945346358,-0.002616213856703964,0.0
3042,pca_step_test_03,validation_selected_scalar,0.2086530945346358,0.2086530945346358,0.0,0.0
3042,pca_step_test_04,all_off,0.23960860738759504,0.23960860738759504,0.0,0.0
3042,pca_step_test_04,all_on,0.24527938582028266,0.23960860738759504,0.005670778432687623,0.005670778432687623
3042,pca_step_test_04,anti_oracle,0.2738558640606051,0.23960860738759504,0.03424725667301004,0.03424725667301004
3042,pca_step_test_04,data_only,0.23960860738759504,0.23960860738759504,0.0,0.0
3042,pca_step_test_04,inverse_residual,0.2483214208126128,0.23960860738759504,0.008712813425017757,0.008712813425017757
3042,pca_step_test_04,oracle,0.2234171030814818,0.23960860738759504,-0.01619150430611324,0.0
3042,pca_step_test_04,priorcred,0.22477728810352032,0.23960860738759504,-0.014831319284074718,0.0
3042,pca_step_test_04,random_credibility,0.24518891110535537,0.23960860738759504,0.005580303717760332,0.005580303717760332
3042,pca_step_test_04,validation_selected_scalar,0.23960860738759504,0.23960860738759504,0.0,0.0
4042,pca_gamma_test_01,all_off,0.09819910665504626,0.09819910665504626,0.0,0.0
4042,pca_gamma_test_01,all_on,0.09262293051578718,0.09819910665504626,-0.005576176139259079,0.0
4042,pca_gamma_test_01,anti_oracle,0.09614892639923091,0.09819910665504626,-0.0020501802558153537,0.0
4042,pca_gamma_test_01,data_only,0.09819910665504626,0.09819910665504626,0.0,0.0
4042,pca_gamma_test_01,inverse_residual,0.09006503036206459,0.09819910665504626,-0.00813407629298167,0.0
4042,pca_gamma_test_01,oracle,0.09027740359310028,0.09819910665504626,-0.007921703061945978,0.0
4042,pca_gamma_test_01,priorcred,0.0927137781915428,0.09819910665504626,-0.0054853284635034555,0.0
4042,pca_gamma_test_01,random_credibility,0.0931836319591484,0.09819910665504626,-0.005015474695897859,0.0
4042,pca_gamma_test_01,validation_selected_scalar,0.09819910665504626,0.09819910665504626,0.0,0.0
4042,pca_gamma_test_02,all_off,0.10337367679256464,0.10337367679256464,0.0,0.0
4042,pca_gamma_test_02,all_on,0.09733430356670365,0.10337367679256464,-0.006039373225860983,0.0
4042,pca_gamma_test_02,anti_oracle,0.12844444112940676,0.10337367679256464,0.02507076433684212,0.02507076433684212
4042,pca_gamma_test_02,data_only,0.10337367679256464,0.10337367679256464,0.0,0.0
4042,pca_gamma_test_02,inverse_residual,0.09836109670688192,0.10337367679256464,-0.0050125800856827135,0.0
4042,pca_gamma_test_02,oracle,0.0851882288111204,0.10337367679256464,-0.01818544798144424,0.0
4042,pca_gamma_test_02,priorcred,0.10073738568645413,0.10337367679256464,-0.002636291106110508,0.0
4042,pca_gamma_test_02,random_credibility,0.09613901061550867,0.10337367679256464,-0.007234666177055968,0.0
4042,pca_gamma_test_02,validation_selected_scalar,0.10337367679256464,0.10337367679256464,0.0,0.0
4042,pca_gamma_test_03,all_off,0.12622763887235808,0.12622763887235808,0.0,0.0
4042,pca_gamma_test_03,all_on,0.12444680574329033,0.12622763887235808,-0.001780833129067752,0.0
4042,pca_gamma_test_03,anti_oracle,0.15706519276740336,0.12622763887235808,0.030837553895045278,0.030837553895045278
4042,pca_gamma_test_03,data_only,0.12622763887235808,0.12622763887235808,0.0,0.0
4042,pca_gamma_test_03,inverse_residual,0.11980340929281083,0.12622763887235808,-0.006424229579547247,0.0
4042,pca_gamma_test_03,oracle,0.11455527815535131,0.12622763887235808,-0.011672360717006766,0.0
4042,pca_gamma_test_03,priorcred,0.11424124372442748,0.12622763887235808,-0.011986395147930595,0.0
4042,pca_gamma_test_03,random_credibility,0.12532045539061565,0.12622763887235808,-0.0009071834817424296,0.0
4042,pca_gamma_test_03,validation_selected_scalar,0.12622763887235808,0.12622763887235808,0.0,0.0
4042,pca_gamma_test_04,all_off,0.16386921477538058,0.16386921477538058,0.0,0.0
4042,pca_gamma_test_04,all_on,0.16561890710367358,0.16386921477538058,0.001749692328293001,0.001749692328293001
4042,pca_gamma_test_04,anti_oracle,0.19568252937395406,0.16386921477538058,0.03181331459857348,0.03181331459857348
4042,pca_gamma_test_04,data_only,0.16386921477538058,0.16386921477538058,0.0,0.0
4042,pca_gamma_test_04,inverse_residual,0.16793162690452637,0.16386921477538058,0.004062412129145793,0.004062412129145793
4042,pca_gamma_test_04,oracle,0.15666523160126264,0.16386921477538058,-0.007203983174117939,0.0
4042,pca_gamma_test_04,priorcred,0.1617641992894469,0.16386921477538058,-0.00210501548593367,0.0
4042,pca_gamma_test_04,random_credibility,0.16568913655992681,0.16386921477538058,0.0018199217845462357,0.0018199217845462357
4042,pca_gamma_test_04,validation_selected_scalar,0.16386921477538058,0.16386921477538058,0.0,0.0
4042,pca_linear_test_01,all_off,0.20424021712120863,0.20424021712120863,0.0,0.0
4042,pca_linear_test_01,all_on,0.20637559351068355,0.20424021712120863,0.002135376389474919,0.002135376389474919
4042,pca_linear_test_01,anti_oracle,0.2452873823774932,0.20424021712120863,0.04104716525628457,0.04104716525628457
4042,pca_linear_test_01,data_only,0.20424021712120863,0.20424021712120863,0.0,0.0
4042,pca_linear_test_01,inverse_residual,0.2074312787848837,0.20424021712120863,0.003191061663675082,0.003191061663675082
4042,pca_linear_test_01,oracle,0.18034961366597524,0.20424021712120863,-0.02389060345523339,0.0
4042,pca_linear_test_01,priorcred,0.20826414524515127,0.20424021712120863,0.004023928123942644,0.004023928123942644
4042,pca_linear_test_01,random_credibility,0.20904633625145694,0.20424021712120863,0.00480611913024831,0.00480611913024831
4042,pca_linear_test_01,validation_selected_scalar,0.20424021712120863,0.20424021712120863,0.0,0.0
4042,pca_linear_test_02,all_off,0.16372569715649524,0.16372569715649524,0.0,0.0
4042,pca_linear_test_02,all_on,0.1554847533940208,0.16372569715649524,-0.008240943762474445,0.0
4042,pca_linear_test_02,anti_oracle,0.1932837690994736,0.16372569715649524,0.029558071942978353,0.029558071942978353
4042,pca_linear_test_02,data_only,0.16372569715649524,0.16372569715649524,0.0,0.0
4042,pca_linear_test_02,inverse_residual,0.1583866115012024,0.16372569715649524,-0.005339085655292841,0.0
4042,pca_linear_test_02,oracle,0.13782964781016915,0.16372569715649524,-0.025896049346326083,0.0
4042,pca_linear_test_02,priorcred,0.1526639503038665,0.16372569715649524,-0.011061746852628729,0.0
4042,pca_linear_test_02,random_credibility,0.15540826900261193,0.16372569715649524,-0.00831742815388331,0.0
4042,pca_linear_test_02,validation_selected_scalar,0.16372569715649524,0.16372569715649524,0.0,0.0
4042,pca_linear_test_03,all_off,0.26357026979347026,0.26357026979347026,0.0,0.0
4042,pca_linear_test_03,all_on,0.26971608730148766,0.26357026979347026,0.006145817508017404,0.006145817508017404
4042,pca_linear_test_03,anti_oracle,0.299203405561398,0.26357026979347026,0.03563313576792776,0.03563313576792776
4042,pca_linear_test_03,data_only,0.26357026979347026,0.26357026979347026,0.0,0.0
4042,pca_linear_test_03,inverse_residual,0.27412307267797587,0.26357026979347026,0.010552802884505608,0.010552802884505608
4042,pca_linear_test_03,oracle,0.2414593374994227,0.26357026979347026,-0.022110932294047564,0.0
4042,pca_linear_test_03,priorcred,0.27988297536312434,0.26357026979347026,0.016312705569654085,0.016312705569654085
4042,pca_linear_test_03,random_credibility,0.27081150497902684,0.26357026979347026,0.007241235185556583,0.007241235185556583
4042,pca_linear_test_03,validation_selected_scalar,0.26357026979347026,0.26357026979347026,0.0,0.0
4042,pca_linear_test_04,all_off,0.18059136849685561,0.18059136849685561,0.0,0.0
4042,pca_linear_test_04,all_on,0.1707629681085995,0.18059136849685561,-0.009828400388256109,0.0
4042,pca_linear_test_04,anti_oracle,0.21014180557810985,0.18059136849685561,0.02955043708125424,0.02955043708125424
4042,pca_linear_test_04,data_only,0.18059136849685561,0.18059136849685561,0.0,0.0
4042,pca_linear_test_04,inverse_residual,0.17297656437652104,0.18059136849685561,-0.007614804120334578,0.0
4042,pca_linear_test_04,oracle,0.15723408437760075,0.18059136849685561,-0.023357284119254862,0.0
4042,pca_linear_test_04,priorcred,0.17124617389523955,0.18059136849685561,-0.009345194601616064,0.0
4042,pca_linear_test_04,random_credibility,0.17250184605921573,0.18059136849685561,-0.008089522437639884,0.0
4042,pca_linear_test_04,validation_selected_scalar,0.18059136849685561,0.18059136849685561,0.0,0.0
4042,pca_progressive_test_01,all_off,0.15395699439095564,0.15395699439095564,0.0,0.0
4042,pca_progressive_test_01,all_on,0.157375298606424,0.15395699439095564,0.0034183042154683485,0.0034183042154683485
4042,pca_progressive_test_01,anti_oracle,0.1871689094978658,0.15395699439095564,0.033211915106910156,0.033211915106910156
4042,pca_progressive_test_01,data_only,0.15395699439095564,0.15395699439095564,0.0,0.0
4042,pca_progressive_test_01,inverse_residual,0.15429439484141777,0.15395699439095564,0.0003374004504621275,0.0003374004504621275
4042,pca_progressive_test_01,oracle,0.14498513536410346,0.15395699439095564,-0.008971859026852186,0.0
4042,pca_progressive_test_01,priorcred,0.1496924208976663,0.15395699439095564,-0.0042645734932893475,0.0
4042,pca_progressive_test_01,random_credibility,0.1576880301972344,0.15395699439095564,0.0037310358062787596,0.0037310358062787596
4042,pca_progressive_test_01,validation_selected_scalar,0.15395699439095564,0.15395699439095564,0.0,0.0
4042,pca_progressive_test_02,all_off,0.1445475717855233,0.1445475717855233,0.0,0.0
4042,pca_progressive_test_02,all_on,0.1442022300812503,0.1445475717855233,-0.00034534170427300004,0.0
4042,pca_progressive_test_02,anti_oracle,0.17319626077315628,0.1445475717855233,0.02864868898763298,0.02864868898763298
4042,pca_progressive_test_02,data_only,0.1445475717855233,0.1445475717855233,0.0,0.0
4042,pca_progressive_test_02,inverse_residual,0.14615309308909755,0.1445475717855233,0.0016055213035742477,0.0016055213035742477
4042,pca_progressive_test_02,oracle,0.13758356391473106,0.1445475717855233,-0.006964007870792238,0.0
4042,pca_progressive_test_02,priorcred,0.1436134860806349,0.1445475717855233,-0.0009340857048883988,0.0
4042,pca_progressive_test_02,random_credibility,0.14511840661654354,0.1445475717855233,0.0005708348310202449,0.0005708348310202449
4042,pca_progressive_test_02,validation_selected_scalar,0.1445475717855233,0.1445475717855233,0.0,0.0
4042,pca_progressive_test_03,all_off,0.1588268634248398,0.1588268634248398,0.0,0.0
4042,pca_progressive_test_03,all_on,0.15595151397451756,0.1588268634248398,-0.0028753494503222232,0.0
4042,pca_progressive_test_03,anti_oracle,0.18339353787602583,0.1588268634248398,0.024566674451186044,0.024566674451186044
4042,pca_progressive_test_03,data_only,0.1588268634248398,0.1588268634248398,0.0,0.0
4042,pca_progressive_test_03,inverse_residual,0.15827249148129555,0.1588268634248398,-0.0005543719435442407,0.0
4042,pca_progressive_test_03,oracle,0.14755282257477445,0.1588268634248398,-0.011274040850065337,0.0
4042,pca_progressive_test_03,priorcred,0.15298307858199453,0.1588268634248398,-0.005843784842845257,0.0
4042,pca_progressive_test_03,random_credibility,0.15785985263795552,0.1588268634248398,-0.0009670107868842703,0.0
4042,pca_progressive_test_03,validation_selected_scalar,0.1588268634248398,0.1588268634248398,0.0,0.0
4042,pca_progressive_test_04,all_off,0.18898134550432244,0.18898134550432244,0.0,0.0
4042,pca_progressive_test_04,all_on,0.19355902463946772,0.18898134550432244,0.004577679135145285,0.004577679135145285
4042,pca_progressive_test_04,anti_oracle,0.22447283309675037,0.18898134550432244,0.03549148759242793,0.03549148759242793
4042,pca_progressive_test_04,data_only,0.18898134550432244,0.18898134550432244,0.0,0.0
4042,pca_progressive_test_04,inverse_residual,0.19681740107098658,0.18898134550432244,0.00783605556666414,0.00783605556666414
4042,pca_progressive_test_04,oracle,0.17792485897134636,0.18898134550432244,-0.011056486532976084,0.0
4042,pca_progressive_test_04,priorcred,0.18425288631624712,0.18898134550432244,-0.0047284591880753235,0.0
4042,pca_progressive_test_04,random_credibility,0.1931946468955216,0.18898134550432244,0.004213301391199159,0.004213301391199159
4042,pca_progressive_test_04,validation_selected_scalar,0.18898134550432244,0.18898134550432244,0.0,0.0
4042,pca_step_test_01,all_off,0.2612251674254638,0.2612251674254638,0.0,0.0
4042,pca_step_test_01,all_on,0.2592944345895905,0.2612251674254638,-0.0019307328358733056,0.0
4042,pca_step_test_01,anti_oracle,0.303010112586617,0.2612251674254638,0.041784945161153164,0.041784945161153164
4042,pca_step_test_01,data_only,0.2612251674254638,0.2612251674254638,0.0,0.0
4042,pca_step_test_01,inverse_residual,0.2618607557883913,0.2612251674254638,0.0006355883629274861,0.0006355883629274861
4042,pca_step_test_01,oracle,0.24245103048594027,0.2612251674254638,-0.01877413693952354,0.0
4042,pca_step_test_01,priorcred,0.257264033090023,0.2612251674254638,-0.003961134335440819,0.0
4042,pca_step_test_01,random_credibility,0.26116076557297013,0.2612251674254638,-6.440185249367847e-05,0.0
4042,pca_step_test_01,validation_selected_scalar,0.2612251674254638,0.2612251674254638,0.0,0.0
4042,pca_step_test_02,all_off,0.28131512270940007,0.28131512270940007,0.0,0.0
4042,pca_step_test_02,all_on,0.2857413892528585,0.28131512270940007,0.004426266543458457,0.004426266543458457
4042,pca_step_test_02,anti_oracle,0.3202581228247377,0.28131512270940007,0.038943000115337634,0.038943000115337634
4042,pca_step_test_02,data_only,0.28131512270940007,0.28131512270940007,0.0,0.0
4042,pca_step_test_02,inverse_residual,0.29046374598645924,0.28131512270940007,0.009148623277059176,0.009148623277059176
4042,pca_step_test_02,oracle,0.26556609988659946,0.28131512270940007,-0.015749022822800607,0.0
4042,pca_step_test_02,priorcred,0.2838457091251747,0.28131512270940007,0.0025305864157746383,0.0025305864157746383
4042,pca_step_test_02,random_credibility,0.2868635557984345,0.28131512270940007,0.00554843308903441,0.00554843308903441
4042,pca_step_test_02,validation_selected_scalar,0.28131512270940007,0.28131512270940007,0.0,0.0
4042,pca_step_test_03,all_off,0.25467187297369287,0.25467187297369287,0.0,0.0
4042,pca_step_test_03,all_on,0.24904864058460982,0.25467187297369287,-0.005623232389083049,0.0
4042,pca_step_test_03,anti_oracle,0.27452493132655137,0.25467187297369287,0.0198530583528585,0.0198530583528585
4042,pca_step_test_03,data_only,0.25467187297369287,0.25467187297369287,0.0,0.0
4042,pca_step_test_03,inverse_residual,0.24931334759710355,0.25467187297369287,-0.005358525376589318,0.0
4042,pca_step_test_03,oracle,0.2394436383653401,0.25467187297369287,-0.015228234608352764,0.0
4042,pca_step_test_03,priorcred,0.2395693854804503,0.25467187297369287,-0.015102487493242583,0.0
4042,pca_step_test_03,random_credibility,0.2500303286585274,0.25467187297369287,-0.004641544315165447,0.0
4042,pca_step_test_03,validation_selected_scalar,0.25467187297369287,0.25467187297369287,0.0,0.0
4042,pca_step_test_04,all_off,0.29976939997389823,0.29976939997389823,0.0,0.0
4042,pca_step_test_04,all_on,0.3043502190786715,0.29976939997389823,0.004580819104773259,0.004580819104773259
4042,pca_step_test_04,anti_oracle,0.33575229042193594,0.29976939997389823,0.03598289044803771,0.03598289044803771
4042,pca_step_test_04,data_only,0.29976939997389823,0.29976939997389823,0.0,0.0
4042,pca_step_test_04,inverse_residual,0.3095912550827394,0.29976939997389823,0.009821855108841149,0.009821855108841149
4042,pca_step_test_04,oracle,0.27746973476567605,0.29976939997389823,-0.022299665208222186,0.0
4042,pca_step_test_04,priorcred,0.294004941021956,0.29976939997389823,-0.00576445895194222,0.0
4042,pca_step_test_04,random_credibility,0.3010536456228134,0.29976939997389823,0.001284245648915161,0.001284245648915161
4042,pca_step_test_04,validation_selected_scalar,0.29976939997389823,0.29976939997389823,0.0,0.0
